Product Name,Category,Dosage Form,Price,Trademark,Brand Origin,Country,Rating,Continent,General_function,Predicted_Rating
Gel rửa mặt SVR Sebiaclear Gel Moussant 200ml làm sạch không chứa xà phòng và loại bỏ tế bào da chết,Chăm sóc cơ thể,Viên nén,390000.0,375,Pháp,23,unknown,Europe,0,4.944463730900995
Gội phủ bạc Healthy and lively H1 Lavox màu đen (10 gói x 30ml),Dầu gội dầu xả,Dung dịch,22400.0,214,Việt Nam,38,unknown,Asia,3,4.919374707595065
Sữa chống nắng dưỡng ẩm kiềm dầu NeoAqua Sunscreen Expert Milk SPF50+ (30ml),Chống nắng toàn thân,Viên nén,151200.0,290,Việt Nam,38,unknown,Asia,0,4.968479990363318
"Dầu gió lăn Red Lion Medicated Oil Yellow Agimexpharm ấm da vùng xoa, sử dụng massage hỗ trợ thư giãn (10ml)",Chăm sóc cơ thể,Viên nén,39000.0,14,Việt Nam,38,unknown,Asia,0,4.975478743093264
"Dầu gió lăn Red Lion Medicated Oil White Agimexpharm ấm da vùng xoa, sử dụng massage hỗ trợ thư giãn (10ml)",Chăm sóc cơ thể,Viên nén,39000.0,14,Việt Nam,38,unknown,Asia,0,4.975478743093264
"Xịt PanSpray Panthenol hỗ trợ giảm đau, rát, hạn chế tổn thương, viêm nhiễm da (130g)",Trị nứt da,Dạng xịt,155000.0,328,Việt Nam,38,unknown,Asia,7,4.919240855763168
"Tinh dầu tràm ngâm củ nén Mệ Đoan phòng và điều trị cảm cúm, trúng gió, ho, ngạt mũi, long đờm (50ml)",Tinh dầu,Viên nén,185000.0,261,Việt Nam,38,unknown,Asia,12,4.9353970050913505
"Mặt nạ Marine Luminous Pearl Deep Moisture Mask Peal JMsolution tăng cường dưỡng ẩm, dưỡng trắng (30ml)",Mặt nạ,Viên nén,22400.0,208,Hàn Quốc,11,unknown,Asia,1,4.9307532783863595
Gel nhuộm tóc phủ bạc Flash Lavox G01 màu đen (150ml),Dầu gội dầu xả,Gel,158000.0,214,Việt Nam,38,unknown,Asia,3,4.844560600999475
Kem dưỡng ẩm mềm mịn và chống nhăn da tay Reihaku Hatomugi Hand Cream (65g),"Kem dưỡng da tay, chân",Dạng kem,70000.0,151,Nhật Bản,22,unknown,Asia,0,4.973476034740049
"Xịt Panthenol Nano Bạc Spray Bimex dưỡng da, duy trì độ ẩm cho da (130g)",Chăm sóc cơ thể,Viên nén,155000.0,34,Việt Nam,38,unknown,Asia,0,4.9500040993984
"Gel làm nóng Starbalm Warm Gel thư giãn cơ, hạn chế chấn thương do vận động, mỏi cơ (100ml)",Massage,Viên nén,175000.0,392,Hà Lan,10,unknown,Europe,0,4.98225469406621
"Kem dưỡng chống nứt gót chân Fixderma Foot Cream cung cấp độ ẩm, làm mềm da gót chân (60g)",Trị nứt da,Dạng kem,209000.0,124,Mỹ,44,unknown,Asia,7,4.902300524701172
"Kem Preggers Soothing Nipple Cream Fixderma hỗ trợ dưỡng ẩm, phục hồi, làm dịu núm vú bị khô (20g)",Chăm sóc cơ thể,Dạng kem,305000.0,124,Mỹ,44,unknown,Asia,0,4.846495867847686
"Mặt nạ Active Golden Caviar Nourishing Mask JMsolution cung cấp độ ẩm, giáp sáng màu da, giúp da căng mịn (30ml)",Mặt nạ,Viên nén,22400.0,208,Hàn Quốc,11,unknown,Asia,1,4.9307532783863595
"Mặt nạ Active Birds' Nest Moisture Mask JMsolution cung cấp độ ẩm cho da, giúp sáng màu da và giúp da căng mịn (30ml)",Mặt nạ,Viên nén,22400.0,208,Hàn Quốc,11,unknown,Asia,1,4.9307532783863595
Mặt nạ Water Luminous S.O.S Ringer Mask JMsolution làm dịu và cung cấp độ ẩm cho làn da khô (35ml),Mặt nạ,Viên nén,22400.0,208,Hàn Quốc,11,unknown,Asia,1,4.9307532783863595
Mặt nạ Placen Lanolin Mask JMsolution dưỡng ẩm và cung cấp độ ẩm trên da (30ml),Mặt nạ,Viên nén,22400.0,208,Hàn Quốc,11,unknown,Asia,1,4.9307532783863595
"Bọt vệ sinh phụ nữ Lá Sen Natural Feminine làm sạch, dịu da, giảm thâm sạm (160ml)","Lăn khử mùi, xịt khử mùi",Dạng bọt,103200.0,281,Việt Nam,38,unknown,Asia,0,4.96689109949269
"Bọt vệ sinh phụ nữ Natural Feminine làm sạch, thơm mát, duy trì cân bằng PH (160ml)","Lăn khử mùi, xịt khử mùi",Dạng bọt,107200.0,281,Việt Nam,38,unknown,Asia,0,4.967419945646537
Gel nhuộm tóc phủ bạc Flash Lavox G04 màu nâu cà phê (150ml),Dầu gội dầu xả,Gel,158000.0,214,Việt Nam,38,unknown,Asia,3,4.844560600999475
"Kem dưỡng Fixderma Nigrilite Cream làm sạch tế bào da chết, mờ thâm, sáng da sẫm màu (50g)","Da sạm, xỉn màu",Dạng kem,200000.0,124,Mỹ,44,unknown,Asia,7,4.851934065164412
Khử mùi dạng xịt Etiaxil Déodorant Anti - Transpirant Protection 48h Pieds kiểm soát tuyến mồ hôi chân (100ml),"Lăn khử mùi, xịt khử mùi",Dạng xịt,217500.0,109,Pháp,23,unknown,Europe,0,4.981201989710979
Mặt nạ ngủ mặt dạng gel Care:Nel Aqua Night Mask dưỡng ẩm cho da suốt 8 giờ (15ml),Dưỡng da mặt,Dạng kem,35000.0,57,Hàn Quốc,11,unknown,Asia,1,4.908437017322848
"Mặt nạ ngủ môi Care:Nel Berry Lip Night Mask dưỡng ẩm, ngừa thâm dành cho môi phun xăm, nhạy cảm, môi trị liệu (5g)",Mỹ phẩm trang điểm,Dạng sáp,35000.0,57,Hàn Quốc,11,unknown,Asia,10,4.978898302727167
Nước nhuộm phủ bạc - đen tự nhiên Seedbee Water Coloring Natural Black (30g),Chăm sóc tóc - da đầu,Dung dịch,239200.0,263,Hàn Quốc,11,unknown,Asia,3,4.945629564928295
Mặt nạ Banobagi stem cell vitamin mask whitening & relaxing revital làm dịu và giảm viêm da (30g),Mặt nạ,Viên nén,28000.0,39,Hàn Quốc,11,unknown,Asia,1,4.950154726589596
Mặt nạ Banobagi Stem Cell Vitamin Mask Whitening And Moisture hỗ trợ cấp ẩm và dưỡng sáng da (30g),Mặt nạ,Viên nén,28000.0,39,Hàn Quốc,11,unknown,Asia,1,4.950154726589596
"Mặt nạ Banobagi Stem Cell Vitamin Mask Whitening & Aqua Hydrating cấp ẩm cho da, sáng màu da (30g)",Mặt nạ,Viên nén,28000.0,39,Hàn Quốc,11,unknown,Asia,1,4.950154726589596
"Mặt nạ Banobagi Stem Cell Vitamin Mask Whitening & Dark Spot Care chống nhăn da, trắng da, mờ nám (30g)",Mặt nạ,Viên nén,28000.0,39,Hàn Quốc,11,unknown,Asia,1,4.950154726589596
Dầu tẩy trang làm sạch sâu Softymo Deep Cleansing Oil lớp trang điểm trên bề mặt da (230ml),"Nước tẩy trang, dầu tẩy trang",Dạng dầu,143200.0,208,Nhật Bản,22,unknown,Asia,1,4.978631996054017
Dầu tẩy trang Softymo Speedy Cleansing Oil Kosé làm sạch nhanh lớp mascara và trang điểm trên da (230ml),"Nước tẩy trang, dầu tẩy trang",Dạng dầu,143200.0,208,Nhật Bản,22,unknown,Asia,1,4.978631996054017
Lăn khử mùi EtiaXil Détranspirant Tolérance Transpiration excessive 15ml đặc trị dành cho da siêu nhạy cảm,"Lăn khử mùi, xịt khử mùi",Viên nén,268800.0,109,Pháp,42,unknown,Europe,0,4.981537049366963
"Son dưỡng bảo vệ môi Sebamed Lip Defense SPF30 cung cấp độ ẩm cho môi khô (4,8g)",Son môi,Viên nén,149000.0,382,Đức,43,unknown,Europe,10,4.874434741569395
"Son dưỡng bảo vệ môi hương dâu Sebamed Lip Defense (4,8g)",Son môi,Viên nén,149000.0,382,Đức,43,unknown,Europe,10,4.874434741569395
"Dầu gội đầu Extreme Dry Skin Relief Shampoo 5% Urea Sebamed giảm khô, ngứa  (200ml)",Dầu gội dầu xả,Viên nén,338000.0,382,Đức,43,unknown,Europe,3,4.879537292925106
"Kem Sebamed Extreme Dry Skin Relief Face Cream 5% dưỡng ẩm, làm dịu, phục hồi da khô, viêm da cơ địa (50ml)","Sữa dưỡng thể, kem dưỡng thể",Dạng kem,400000.0,382,Đức,43,unknown,Europe,0,4.965746304919322
Dầu gội khô Batiste hương anh đào Dry Shampoo Fruity And Cheeky Cherry (200ml),Dầu gội dầu xả,Viên nén,156000.0,70,Hoa Kỳ,0,unknown,Europe,3,4.932919202738027
Lăn khử mùi đá khoáng Deonatulle Soft Stone Double Non-Menthol for Men dạng sáp cho nam (20g),"Lăn khử mùi, xịt khử mùi",Viên nén,223500.0,90,Nhật Bản,22,unknown,Asia,0,4.959777344818866
"Sữa rửa mặt đất sét Rosette Face Wash Pasta Ghassoul Bright làm sạch da, hút dầu nhờn, giảm mụn (120g)","Sữa rửa mặt (Kem, gel, sữa)",Viên nén,136000.0,365,Nhật Bản,22,unknown,Asia,1,4.983668478177536
"Sữa tắm gội em bé Gentle Wash 500ml La Beauty giảm và ngăn ngừa rôm sảy, hăm da","Sữa tắm, xà bông",Viên nén,159000.0,217,Việt Nam,38,unknown,Asia,0,4.937123553217042
"Kem tẩy trang Transino Clear Cleansing Ex giúp loại bỏ lớp trang điểm, bụi bẩn lỗ chân lông và dầu thừa (110g)","Nước tẩy trang, dầu tẩy trang",Viên nén,425000.0,415,Việt Nam,22,unknown,Asia,1,4.963409601450183
Mặt nạ dưỡng trắng da Transino Whitening Facial Mask EX ngăn ngừa nám và tàn nhang (4 miếng x 20ml),Mặt nạ,Viên nén,425000.0,415,Nhật Bản,22,unknown,Asia,1,4.963409601450183
"Kem dưỡng tái tạo Sebamed Anti-Redness Regenerating Intensive Care cho da nhạy cảm, da dễ bị đỏ (50ml)","Sữa dưỡng thể, kem dưỡng thể",Dạng kem,655000.0,382,Đức,43,unknown,Europe,0,4.979614475222475
"Dầu xả thảo dược La Beauty củng cố chân tóc chắc khỏe, suôn mượt và ngăn ngừa gãy rụng (250ml)",Dầu gội dầu xả,Viên nén,95000.0,217,Việt Nam,38,unknown,Asia,3,4.90759817202966
"Dầu gội thảo dược La Beauty loại bỏ dầu nhờn trên da đầu, ngăn nấm, gàu và giảm gãy rụng (250ml)",Dầu gội dầu xả,Viên nén,105000.0,217,Việt Nam,38,unknown,Asia,3,4.898168859008333
"Lotion Fixderma Preggers Elasticity dưỡng ẩm, giảm vết rạn cho phụ nữ mang thai và sau khi sinh (100ml)","Sữa dưỡng thể, kem dưỡng thể",Dạng kem,220000.0,124,Mỹ,44,unknown,Asia,0,4.891741029465295
Dầu xả hoa bưởi La Beauty làm sạch mềm tóc và ngăn ngừa gãy rụng (250ml),Dầu gội dầu xả,Viên nén,89000.0,217,Việt Nam,38,unknown,Asia,3,4.833929767905513
"Kem bôi da Thuần Mộc Thanh Mộc Hương 21g Hòa Bình dưỡng ẩm, làm mềm da, làm dịu mát da","Sữa dưỡng thể, kem dưỡng thể",Dạng kem,150000.0,402,Việt Nam,38,unknown,Asia,0,4.959288526802337
Mặt nạ mắt JMsolution Marine Luminous Pearl Deep Moisture Eye Patch Pearl bổ sung độ ẩm và cải thiện sắc tố da (90g),Mặt nạ,Viên nén,295000.0,208,Hàn Quốc,11,unknown,Asia,1,4.933314605334458
"Dầu gội dược liệu Thái Dương 7 Plus Gold Sao Thái Dương sạch gàu, giảm ngứa và rụng tóc (250ml)",Dầu gội dầu xả,Dung dịch,150000.0,381,Việt Nam,38,unknown,Asia,3,4.939485905060491
"Tinh dầu Khuynh Diệp Eucalyptus Oil Agimexpharm ấm da vùng xoa, dùng massage thư giãn dành cho mẹ và bé (30ml)",Chăm sóc cơ thể,Viên nén,56550.0,14,Việt Nam,38,unknown,Asia,0,4.993012277038657
Sữa tắm gội hàng ngày Lactacyd Baby Gentle Care cho trẻ giảm rôm sảy và hăm kẻ (500ml),"Sữa tắm, xà bông",Viên nén,170000.0,222,Pháp,38,unknown,Asia,0,4.969542998457761
Dầu gội dược liệu Thái Dương 3 hương lá sạch gàu mà vẫn suôn mềm (200ml),Dầu gội dầu xả,Viên nén,60000.0,381,Việt Nam,38,unknown,Asia,3,4.972057583535992
"Dầu gội dược liệu Thái Dương 7 hương hoa bưởi sạch gàu, không ngứa, giảm rụng tóc cho tóc dầu, tóc thường (200ml)",Dầu gội dầu xả,Viên nén,100000.0,381,Việt Nam,38,unknown,Asia,3,4.966028980373236
"Kem Vaseline Pure OPC phòng nứt môi, khô môi, nứt da bàn chân, bàn tay (10g)",Trị nứt da,Dạng kem,18000.0,317,Việt Nam,38,unknown,Asia,7,4.85854487820689
"Giấy thấm dầu Acnes Oil Remover Paper giúp kiểm soát nhờn, ngăn ngừa mụn (100 tờ)",Chăm sóc da mặt,Viên nén,30000.0,10,Nhật Bản,38,unknown,Asia,1,4.495520851066979
"Dầu Dừa Tươi Raw Virgin Coconut Oil Coboté 100ml dưỡng ẩm da, dưỡng tóc, chăm sóc răng miệng",Chăm sóc cơ thể,Dung dịch,90000.0,208,Việt Nam,38,unknown,Asia,0,4.949063580638306
"Dầu Massage Cho Bé Nourish & Care Baby Oil Coboté 100ml dưỡng ẩm, làm dịu vết công trùng cắn, giảm rôm sảy, cứt trâu",Chăm sóc cơ thể,Dung dịch,139000.0,208,Việt Nam,38,unknown,Asia,0,4.952608027037859
Kem dưỡng ẩm da lô hội Aloins Eaude Cream S 180g dùng cho mặt và toàn thân,"Sữa dưỡng thể, kem dưỡng thể",Dạng kem,360000.0,208,Nhật Bản,22,unknown,Asia,0,4.988174164721055
"Sữa tắm gội 2 in 1 Bimunica Shampoo and Body Wash 250ml dưỡng ẩm, mịn da cho trẻ sơ sinh","Sữa tắm, xà bông",Viên nén,220000.0,208,Việt Nam,16,unknown,Europe,0,4.973618116417802
"Kem vệ sinh Ziaja Intimate bổ sung Hyaluronic Acid giúp làm sạch, khử mùi hôi cho mọi đối tượng (200ml)",Chăm sóc cơ thể,Viên nén,215000.0,468,Ba Lan,1,unknown,Europe,0,4.843576900850099
Kem vệ sinh Ziaja Intimate bổ sung Lactobionic Acid giúp ngăn ngừa tình trạng viêm nhiễm phụ khoa (200ml),Chăm sóc cơ thể,Dạng kem,230000.0,468,Ba Lan,1,unknown,Europe,0,4.854753549619942
"Lăn khử mùi Aquaselin Extreme For Men dùng cho vùng nách dành cho nam giới, giảm mồ hôi (50ml)","Lăn khử mùi, xịt khử mùi",Viên nén,286000.0,27,Ba Lan,1,unknown,Europe,0,4.930479774163856
Sữa tắm và gội cho trẻ em Cetaphil Baby Gentle Wash And Shampoo (230ml),"Sữa tắm, xà bông",Viên nén,144500.0,68,Canada,43,unknown,Europe,0,4.974083620304434
Kem Ticarlox trị và làm mờ sẹo lồi (10g),"Trị sẹo, mờ vết thâm",Viên nén,50000.0,405,Việt Nam,38,unknown,Asia,7,4.843723559359725
Sữa tắm Eucerin pH5 WashLotion Preserves Skin Resilience dành cho da nhạy cảm (400ml),Chăm sóc cơ thể,Viên nén,212000.0,118,Đức,31,unknown,Asia,0,4.970332515137697
Dầu dừa làm đẹp Coconut Beautifying Oil da căng tóc mượt (50ml),Dầu dừa,Dung dịch,98000.0,384,Việt Nam,38,unknown,Asia,12,4.913047110354586
"Xà phòng Acnes Body Bar Saffron And Betel Leaf làm sạch da, ngừa mụn, mờ thâm (75g)","Sữa tắm, xà bông",Viên nén,69000.0,289,Việt Nam,38,unknown,Asia,0,4.961318083989366
"Dầu gội Dược liệu Nguyên Xuân xanh lá 275ml dưỡng tóc và da đầu, giảm gãy rụng",Dầu gội dầu xả,Viên nén,90000.0,296,Việt Nam,38,unknown,Asia,3,4.956622963656907
"Nước súc miệng kháng khuẩn Pharmedic Orafar 250ml ngừa sâu răng, bảo vệ men răng",Chăm sóc cơ thể,Dung dịch,20000.0,335,Việt Nam,38,unknown,Asia,0,4.924372745865382
Serum chống nắng Bioré UV Body Care Serum Intensive Aura SPF50+ PA+++ dưỡng thể sáng da mịn màng (150ml),Chống nắng toàn thân,Viên nén,172800.0,47,Nhật Bản,38,unknown,Asia,0,4.9490322024054265
Dầu gội Radical Med Anti - Dandruff làm sạch và ngăn ngừa rụng tóc (300ml),Dầu gội dầu xả,Viên nén,425000.0,359,Việt Nam,24,unknown,Europe,3,4.916191877573635
Dầu gội làm sạch gàu Vichy Laboratoires Dercos Technique Anti-Dandruff Ds Dermatological (75ml),Dầu gội dầu xả,Dung dịch,124800.0,449,Pháp,36,unknown,Europe,3,4.913662871410644
Sữa tắm Ceradan Moisturising Wash 280ml dùng cho mọi vùng da kể cả da mặt,"Sữa tắm, xà bông",Nhũ tương (Gel),272000.0,66,Singapore,25,unknown,Asia,0,4.96745838190061
"Kem bôi Fuginex Cream Dizigone 25g Terrapharm giúp làm sạch, kháng khuẩn, làm dịu da",Viêm da cơ địa,Kem,140000.0,401,Việt Nam,38,unknown,Asia,6,4.9460662059392995
KEM DƯỠNG ẨM DA CERADAN HYDRA HYPHENS HỘP 80G,"Sữa dưỡng thể, kem dưỡng thể",Viên nén,325000.0,66,Singapore,25,unknown,Asia,0,4.97063676695483
"Dầu gội Redenyl Medimar dùng để trị gàu, viêm da tiết bã nhờn, ngăn ngừa rụng tóc (200ml)",Dầu gội dầu xả,Viên nén,359000.0,235,Hy Lạp,9,unknown,Europe,3,4.971651914044618
Sữa rửa mặt và toàn thân Adaphil Gentle Skin Cleanser giúp làm sạch và dưỡng da (500ml),"Sữa rửa mặt (Kem, gel, sữa)",Dung dịch,215000.0,133,Việt Nam,38,unknown,Asia,1,4.861901149572626
"Kem Pure Paw Paw Ointment hương dâu giúp dưỡng ẩm, giảm nứt nẻ, trị bỏng, côn trùng cắn (25g)",Chăm sóc cơ thể,Viên nén,77000.0,208,Úc,40,unknown,Other,0,4.942515011085739
"Dầu gội Rudondo New Quang Xanh giúp sạch gầu, giảm nấm, dầu nhờn da dầu (120ml)",Dầu gội trị nấm,Viên nén,120000.0,357,Việt Nam,38,unknown,Asia,3,4.917098838499915
Kem bôi da Ceradan Advanced Moisturising Skin Barrier Cream 30g dưỡng ẩm và giúp phục hồi da khô,"Sữa dưỡng thể, kem dưỡng thể",Dạng kem,308000.0,66,Singapore,25,unknown,Asia,0,4.977426622027294
Sữa rửa mặt CeraVe SA Smoothing Cleanser dịu nhẹ dành cho da nhạy cảm (236ml),"Sữa rửa mặt (Kem, gel, sữa)",Viên nén,280500.0,67,Hoa Kỳ,23,unknown,Europe,1,4.976600874530178
"Xà phòng tắm Atids Salicylic Acid 2% + Sulfur làm sạch da, thích hợp cho da dầu, da mụn (80g)","Sữa tắm, xà bông",Dạng sáp,95000.0,5,Hàn Quốc,11,unknown,Asia,0,4.897813840927881
Sữa chống nắng dạng xịt Banana Boat Sport Ultra Suncreen Continuos Spray SPF 100 PA++++ (170g),Chống nắng toàn thân,Dạng xịt,279000.0,38,Hoa Kỳ,7,unknown,America,0,4.94919688412
"Kem chống nắng Isis Pharma Neotone Radiance SPF 50+ dưỡng trắng, mờ nám, phục hồi da (30ml)",Kem chống nắng da mặt,Viên nén,909000.0,189,Pháp,23,unknown,Europe,1,4.928832056370535
Sữa chống nắng dưỡng ẩm Senka Perfect UV Milk N SPF50+ PA++++ dành cho mặt và toàn thân (40ml),Chống nắng toàn thân,Viên nén,146300.0,383,Nhật Bản,22,unknown,Asia,0,4.990077334600548
"Nhũ tương Probiotic Emollient Latopic làm dịu da, giảm ngứa, giảm khô (250ml)","Sữa dưỡng thể, kem dưỡng thể",Nhũ tương (Gel),589000.0,213,Ba Lan,1,unknown,Europe,0,4.984386366703844
"Kem dưỡng ẩm Megaderm 50g CVI Pharma dưỡng ẩm, làm mềm da, giúp giảm tình trạng khô, nứt nẻ da (1 hộp x 1 chai)","Dưỡng da bị khô, thiếu ẩm",Viên nén,150000.0,64,Việt Nam,38,unknown,Asia,0,4.952150027042134
"Sữa rửa mặt Perfect Whip Collagen in Senka loại bỏ bụi bẩn, bụi mịn và bã nhờn (120g)","Sữa rửa mặt (Kem, gel, sữa)",Viên nén,101150.0,383,Nhật Bản,22,unknown,Asia,1,4.98549352376456
"Sáp Lanolina Kosmetyczna Ziaja làm dịu phát ban, kích ứng do bị tổn thương cho da và niêm mạc (10g)","Dưỡng da bị khô, thiếu ẩm",Viên nén,198000.0,468,Ba Lan,1,unknown,Europe,0,4.834549338461508
"Gel rửa mặt Avacne Cleansing Auvi giúp làm sạch và giảm nhờn, dưỡng ẩm và se khít lỗ chân lông (150g)","Sữa rửa mặt (Kem, gel, sữa)",Nhũ tương (Gel),385000.0,31,Úc,40,unknown,Other,1,4.9284647488076665
"Nhũ tương mềm da 3% Urê Ziaja Med Mocznik 3% làm mềm, dưỡng ẩm, giảm khô da (50ml)",Chăm sóc cơ thể,Viên nén,407000.0,468,Ba Lan,1,unknown,Europe,0,4.9081689618460596
"Gel rửa mặt ngừa mụn Canova Salipil Detergente Sifarma giúp loại bỏ bụi bẩn, tế bào chết, làm giảm và ngăn ngừa mụn (150ml)","Sữa rửa mặt (Kem, gel, sữa)",Gel,350000.0,386,Ý,41,unknown,Europe,1,4.976278640942103
"Gel tắm gội Latopic Body and Hair Wash dành cho da dị ứng, kích ứng hỗ trợ dưỡng ẩm (400ml)","Sữa tắm, xà bông",Nhũ tương (Gel),533000.0,213,Ba Lan,1,unknown,Europe,0,4.954540782514471
"Kem mềm da Ziaja Med Mocznik 15% làm mềm, dưỡng ẩm, chăm sóc da khô (100ml)","Dưỡng da bị khô, thiếu ẩm",Viên nén,445000.0,468,Ba Lan,1,unknown,Europe,0,4.953867942708275
"Dầu gió Kimagi Agimexpharm giữ ấm cơ thể, xông hơi giải cảm (10 chai x 6ml)",Chăm sóc cơ thể,Viên nén,25000.0,14,Việt Nam,38,unknown,Asia,0,4.453546385446724
"Dầu tắm Ziaja Med Atopic Skin giúp làm sạch da dịu nhẹ, dưỡng da và làm mềm mịn da (270ml)",Chăm sóc cơ thể,Viên nén,427000.0,468,Ba Lan,1,unknown,Europe,0,4.919251518866453
"Sữa tắm không cần dùng nước NoRinse Body Bath thay thế cách tắm thông thường (473,1ml)","Sữa tắm, xà bông",Viên nén,256000.0,208,Hoa Kỳ,7,unknown,America,0,4.939207522027414
"Kem dưỡng da tay Lana Hand Cream giảm nhăn da, đồi mồi, ngứa, nứt nẻ da tay (80g)","Kem dưỡng da tay, chân",Viên nén,42000.0,224,Việt Nam,38,unknown,Asia,0,4.909012437859957
"Sữa chống nắng cho bé Sunplay Baby Mild SPF35 PA++ Rohto ngăn đen sạm, bỏng rát cho da nhạy cảm (30g)",Chống nắng toàn thân,Viên nén,82450.0,394,Nhật Bản,38,unknown,Asia,0,4.901660415616175
Kem dưỡng da chân Footgel Classic Lana chống nứt nẻ và làm mềm da chân (50g),"Kem dưỡng da tay, chân",Viên nén,42000.0,224,Việt Nam,38,unknown,Asia,0,4.909012437859957
Dầu gội Azasun Extra Gamma sạch gàu cho da đầu hết ngứa (120ml),Dầu gội dầu xả,Viên nén,195000.0,133,Việt Nam,38,unknown,Asia,3,4.813572751020444
"Kem Sali-10 Perfect Foot And Hand Cream giảm nhăn da, giữ ẩm da, giảm khô da, nứt nẻ ở gót chân, ngón tay (30g)","Kem dưỡng da tay, chân",Dạng kem,50000.0,133,Việt Nam,38,unknown,Asia,0,4.851608331106671
Kem A-Derma​​​​​​​ Dermalibour​​​​​​​​​​​​​​+ Repairing Cream làm dịu da dùng hằng ngày cho da kích ứng (50ml),Chăm sóc cơ thể,Dạng kem,417000.0,11,Pháp,23,unknown,Europe,0,4.936568730219239
"Kem Alcopic Gamma giảm ngứa, rát, đau do viêm da cơ địa, viêm da tiếp xúc (40ml)",Viêm da cơ địa,Viên nén,143500.0,16,Việt Nam,38,unknown,Asia,6,4.872436563913114
"Kem Isis Pharma Mothercare dưỡng ẩm, giảm khô môi, chàm môi, nứt núm vú (15ml)",Chăm sóc ngực,Viên nén,208000.0,189,Pháp,23,unknown,Europe,0,4.977952569116349
Kem Vitiskin IsisPharma hỗ trợ điều trị bạch biến (50ml),Giải pháp làn da,Viên nén,734000.0,189,Pháp,23,unknown,Europe,6,4.964127279894594
"Gel rửa mặt Isis Pharma Teen Derm Gel Sensitive giúp giảm nhờn, ngăn ngừa mụn cho da nhạy cảm (250ml)","Sữa rửa mặt (Kem, gel, sữa)",Viên nén,399000.0,189,Pháp,23,unknown,Europe,1,4.97247552631613
"Sữa tắm Loturelle Gentle Cleansing Gel hỗ trợ kháng khuẩn, kháng nấm (250ml)","Sữa tắm, xà bông",Viên nén,157000.0,173,Việt Nam,38,unknown,Asia,0,4.912335936387579
Dầu gội Radical Med Anti - Hair Loss Shampoo làm sạch và ngăn ngừa rụng tóc (300ml),Dầu gội dầu xả,Dung dịch,485000.0,120,Ba Lan,38,unknown,Asia,3,4.949578491401716
Gel rửa mặt tạo bọt La Roche-Posay Effaclar Purifying Foaming Gel For Oily Sensitive Skin cho da dầu nhạy cảm (50ml),Chăm sóc da mặt,Viên nén,210000.0,225,Pháp,23,unknown,Europe,1,4.97446121315914
"Dầu xả Thái Dương 3 hương hoa suôn mềm, óng ả, tự nhiên (200ml)",Dầu gội dầu xả,Dung dịch,60000.0,381,Việt Nam,38,unknown,Asia,3,4.972057583535992
Sữa tắm dưỡng ẩm Ceradan Ceramide Moisturing Wash Face And Body dành cho mặt và toàn thân (150ml),"Sữa tắm, xà bông",Nhũ tương (Gel),220000.0,66,Singapore,25,unknown,Asia,0,4.98330513941276
"Sữa tắm, rửa mặt Clearinger Gamma làm ẩm và dịu da (150ml)","Sữa rửa mặt (Kem, gel, sữa)",Nhũ tương (Gel),178000.0,133,Việt Nam,44,unknown,Asia,1,4.839865652190744
"Dầu gội không dùng nước NoRinse Shampoo làm sạch tóc nhẹ nhàng (236,6ml)",Dầu gội dầu xả,Viên nén,166000.0,208,Hoa Kỳ,7,unknown,America,3,4.915321587829763
"Phim thấm dầu Acnes Oil Remover Film kiểm soát nhờn, ngăn ngừa mụn (50 tờ)",Chăm sóc da mặt,Viên nén,54400.0,10,Nhật Bản,38,unknown,Asia,1,4.986511992953697
"Gel Dolly-AC Acnes Gamma làm sạch bã nhờn trên da, ngừa mụn, mờ sẹo, mờ vết thâm mụn (15g)","Trị sẹo, mờ vết thâm",Viên nén,130500.0,133,Việt Nam,38,unknown,Asia,7,4.893508864859979
"Kem phục hồi da Ceradan Ceramide Skin Barrier Repair Cream dành cho da khô, kích ứng và nhạy cảm (10g)","Dưỡng da bị khô, thiếu ẩm",Kem bôi da,114000.0,178,Singapore,25,unknown,Asia,0,4.914893091665079
"Dung dịch tắm rôm sảy em bé Phyto BEBE Opodis Pharma kháng khuẩn, nấm (100ml)","Sữa tắm, xà bông",Dung dịch,35000.0,318,Việt Nam,38,unknown,Asia,0,4.8527955822293185
"Dầu gội đầu Redwin Coal Tar Fragrance Shampoo 250ml làm sạch, cân bằng độ ẩm, ngăn ngừa gàu",Dầu gội dầu xả,Dung dịch,290000.0,326,Việt Nam,40,unknown,Other,3,4.9430129182595355
"Dầu gội REDWIN Tea Tree Shampoo 250ml giảm những triệu chứng ngứa, gàu, vảy, nấm da đầu",Dầu gội trị nấm,Viên nén,279000.0,358,Úc,40,unknown,Other,3,4.917218657627605
"Lotion Fixderma Salyzap Lotion For Acne giảm mụn, ngăn ngừa hình thành nhân mụn mới (20ml)","Kem trị mụn, gel trị mụn",Viên nén,300000.0,124,Mỹ,44,unknown,Asia,1,4.946023975965192
Tinh chất Radical Med Anti-Hair Loss làm sạch tóc và da đầu (3 ống x 5ml),Dầu gội dầu xả,Viên nén,385000.0,359,Ba Lan,1,unknown,Europe,3,4.961373396306893
Nước tẩy trang La Roche-Posay Effaclar Micellar Water Ultra Oily Skin cho da dầu (400ml),"Nước tẩy trang, dầu tẩy trang",Viên nén,405600.0,225,Pháp,23,unknown,Europe,1,4.966413688752452
Gel rửa mặt tạo bọt La Roche-Posay Effaclar Purifying Foaming Gel For Oily Sensitive Skin cho da dầu nhạy cảm (200ml),"Sữa rửa mặt (Kem, gel, sữa)",Viên nén,328000.0,225,Pháp,23,unknown,Europe,1,4.9871165659210215
"Gel Ceradan Soothing 50g làm dịu da, dành cho da ngứa, mẩn đỏ",Da bị kích ứng,Viên nén,230000.0,66,Singapore,25,unknown,Asia,6,4.947668426430469
"Gel Ceradan Soothing làm dịu da dành cho da ngứa, mẩn đỏ (10g)",Chăm sóc cơ thể,Kem bôi da,97000.0,178,Singapore,25,unknown,Asia,0,4.976256619144444
"Kem dưỡng da mặt Ziaja Med Atopic Skin Dermatological Formula Face Cream giúp dưỡng ẩm và làm mềm da, giảm khô da (50ml)",Chăm sóc cơ thể,Viên nén,351000.0,468,Ba Lan,1,unknown,Europe,0,4.889112579710016
"Sáp dưỡng môi hồng xinh Vaseline Rosy Lips cung cấp và duy trì độ ẩm cho môi (4,8g)",Son môi,Viên nén,64000.0,446,Anh,38,unknown,Asia,10,4.941534115643261
"Bột hút ẩm chống loét Adapt Stoma Powder Hollister cho vùng da tổn thương, vùng quanh hậu môn nhân tạo (28,3g)",Trị nứt da,Viên nén,265000.0,154,Hoa Kỳ,7,unknown,America,7,4.8537540266817345
Xịt dưỡng ẩm Eucerin Hyaluron Mist Spray cho da nhạy cảm (150ml),Xịt khoáng,Dung dịch,259000.0,118,Đức,23,unknown,Europe,6,4.924119536300808
Gel rửa da sinh lý Ziaja Lipid Dermatological Formula làm sạch làn da hiệu quả (200ml),Chăm sóc da mặt,Viên nén,345000.0,468,Ba Lan,1,unknown,Europe,1,4.922023127499436
"Kem bôi Bestpere Cream Quang Xanh điều trị ghẻ, rận, mẩn ngứa (15g)",Da bị kích ứng,Dạng kem,77000.0,357,Việt Nam,38,unknown,Asia,6,4.942544781294634
"Sáp dưỡng môi mềm mịn Vaseline Lip Therapy Original cung cấp và duy trì độ ẩm cho môi (4,8g)",Son môi,Viên nén,64000.0,446,Anh,11,unknown,Asia,10,4.948185657168914
Dung dịch vệ sinh Proeva Intimate Clearser làm dịu và bảo vệ hiệu quả vùng kín (125ml),Dược mỹ phẩm,Viên nén,199000.0,208,Việt Nam,38,unknown,Asia,1,4.954207445328311
Sữa rửa mặt Cetaphil Oily Skin Cleanser 500ml cho da dầu nhạy cảm,"Sữa rửa mặt (Kem, gel, sữa)",Viên nén,420750.0,68,Canada,5,unknown,America,1,4.872776854567593
"Sữa rửa mặt La Roche-Posay Mela B3 Gel Micro-Peeling Clarifying 200ml mờ thâm nám, dưỡng da sáng và đều màu","Sữa rửa mặt (Kem, gel, sữa)",Viên nén,479200.0,225,Pháp,23,unknown,Europe,1,4.987769500442085
"Kem dưỡng La Roche-Posay Mela B3 Cream SPF 30 dưỡng da mềm mịn, mờ thâm nám, dưỡng da sáng và đều màu",Dưỡng da mặt,Viên nén,788000.0,225,Pháp,23,unknown,Europe,1,4.9733011322438445
"Dầu gội Dược liệu Nguyên Xuân Vàng Hoa Linh 275ml giảm gãy rụng, tóc khô và xơ",Dầu gội dầu xả,Dung dịch,107000.0,296,Việt Nam,38,unknown,Asia,3,4.9503194664294465
"Kem chấm mụn Acnaut Active Cream 15ml Biotrade giảm mụn bọc, mụn đầu đen","Kem trị mụn, gel trị mụn",Viên nén,399000.0,208,Bulgaria,3,unknown,Europe,1,4.97028631254407
"Sữa rửa mặt làm sạch sâu Cerave Developed With Dermatologists Hydrating Cleanser 473ml dành cho da thường, da khô","Sữa rửa mặt (Kem, gel, sữa)",Viên nén,374000.0,67,Hoa Kỳ,23,unknown,Europe,1,4.964367103713871
"Gel tắm gội dịu nhẹ Megaderm CVI Đức Phúc Pharma làm sạch dịu nhẹ, chăm sóc và bảo vệ da (180ml)","Sữa dưỡng thể, kem dưỡng thể",Viên nén,130000.0,64,Việt Nam,38,unknown,Asia,0,4.955499083248444
"Kem Canova Sensive P22 Sifarma làm dịu da, dưỡng ẩm cho da nhạy cảm (50ml)",Dưỡng da mặt,Kem bôi da,490000.0,386,Việt Nam,41,unknown,Europe,1,4.977658064465317
"Gel Canova Rivescal DS Soothing gel Siflarma làm dịu da, ngăn ngừa tiết bã nhờn, giảm ngứa da (50ml)",Giải pháp làn da,Viên nén,435000.0,386,Ý,41,unknown,Europe,6,4.954564741631993
Sữa tắm dưỡng ẩm cho da khô Ato Wash MTGpharm 150ml Cocorang Palm (tuýp),"Sữa tắm, xà bông",Dung dịch,231000.0,62,Hàn Quốc,11,unknown,Asia,0,4.883439343096885
Gel rửa mặt Eucerin Ance Oil Control Pro Acne Solution Cleansing Gel dành cho da mụn (75ml),"Sữa rửa mặt (Kem, gel, sữa)",Nhũ tương (Gel),209000.0,118,Đức,31,unknown,Asia,1,4.954456136756475
"Kem Secalia Balm IsisPharma giúp dưỡng da, tăng cường độ ẩm, chống khô da (200ml)","Sữa dưỡng thể, kem dưỡng thể",Dạng kem,515000.0,189,Pháp,23,unknown,Europe,0,4.949321722068438
"Kem dịu nhẹ ngừa mẫn đỏ Ziaja Med giúp làm dịu nhẹ kích ứng da, giảm mẫn đỏ da, dưỡng ẩm, làm đều màu da (50ml)",Da bị kích ứng,Viên nén,425000.0,468,Ba Lan,1,unknown,Europe,6,4.939310049579808
"Sữa tắm Secalia Shower Cream IsisPharma dưỡng da, giảm khô da, giảm ngứa (200ml)","Sữa dưỡng thể, kem dưỡng thể",Viên nén,340000.0,189,Pháp,23,unknown,Europe,0,4.972660847533917
"Nước xịt khoáng La Roche-Posay Thermal Spring Water Sensitive Skin làm dịu, bảo vệ da cho da nhạy cảm (150ml)",Xịt khoáng,Viên nén,252000.0,225,Pháp,23,unknown,Europe,6,4.948801808472551
Dầu gội ngăn ngừa và giảm rụng tóc Vichy Dercos Energising (200ml),Dầu gội dầu xả,Viên nén,332000.0,449,Pháp,23,unknown,Europe,3,4.956091203053733
Dầu gội Azasun Gamma giúp sạch gàu cho da đầu hết ngứa (120ml),Dầu gội dầu xả,Dung dịch,89000.0,133,Việt Nam,38,unknown,Asia,3,4.761070462380779
"Kem Sensylia 24h IsisPharma giúp da mềm mại, mịn màng và làm giảm kích ứng da (40ml)","Sữa dưỡng thể, kem dưỡng thể",Viên nén,490000.0,189,Pháp,23,unknown,Europe,0,4.982030242026732
"Sữa rửa mặt Fixderma Non Drying Cleanser làm sạch sâu bụi bẩn, dầu nhờn và vi khuẩn (60g)","Sữa rửa mặt (Kem, gel, sữa)",Viên nén,204000.0,124,Mỹ,44,unknown,Asia,1,4.8530913683981085
Nước làm sạch sâu và tẩy trang La Roche-Posay Micellar Water Ultra Sensitive Skin dành cho da nhạy cảm (200ml),Chăm sóc da mặt,Viên nén,340000.0,225,Pháp,23,unknown,Europe,1,4.986173633177826
"Kem Ceradan Ceramide Diaper Cream hỗ trợ làm dịu da, chống hăm tã cho bé (10g)",Chăm sóc cơ thể,Kem bôi da,96000.0,178,Singapore,25,unknown,Asia,0,4.976256619144444
"Dầu gội Fixderma Bioteez-S làm sạch gàu, giảm nhờn da đầu, duy trì độ ẩm cho tóc (75ml)",Dầu gội dầu xả,Viên nén,278000.0,124,Mỹ,44,unknown,Asia,3,4.93523307764849
"Dầu xả dưỡng tóc Kingphar giúp tóc suôn mượt, ngừa rụng tóc, phục hồi tóc hư tổn (200g)",Dầu gội dầu xả,Viên nén,55000.0,208,Việt Nam,38,unknown,Asia,3,4.9223984994940615
Kem Blemish Control Jean D’Arce giúp làm giảm mụn nhanh (30ml),Chăm sóc da mặt,Viên nén,463500.0,195,Việt Nam,43,unknown,Europe,1,4.935132100890503
Dưỡng chất tăng cường khoáng Mineral 89 giúp da khỏe dành cho mọi loại da (50ml),Dưỡng da mặt,Viên nén,920000.0,449,Pháp,23,unknown,Europe,1,4.879129486900674
"Kem Ecze Stop hỗ trợ giảm ngứa, giảm dị ứng, giảm viêm sát khuẩn (35g)",Viêm da cơ địa,Viên nén,165000.0,208,Việt Nam,38,unknown,Asia,6,4.93078008534356
"Nước tẩy trang La Roche-Posay Effaclar Micellar Water Ultra Oily Skin dịu nhẹ, không làm khô da (200ml)",Chăm sóc da mặt,Viên nén,336000.0,225,Pháp,23,unknown,Europe,1,4.974391424407508
"Sữa tắm Cetaphil Pro AD Derma Skin Restoring Wash dành cho da khô, da cơ địa (295ml)","Sữa tắm, xà bông",Dung dịch,440000.0,68,Canada,5,unknown,America,0,4.69732362458129
"Kem dưỡng da Eau Thermale Avène Xeracalm A.D làm dịu cảm giác ngứa, giảm rát da (200ml)","Sữa dưỡng thể, kem dưỡng thể",Viên nén,739000.0,32,Pháp,23,unknown,Europe,0,4.978936568989926
"Kem bôi da Savi - E Perfect 50g Gamma giảm các chứng khô da, nứt nẻ ở gót chân, ngón tay","Dưỡng da bị khô, thiếu ẩm",Viên nén,130000.0,133,Việt Nam,38,unknown,Asia,0,4.915185197831695
"Kem dưỡng da La Roche-Posay Lipikar Baume Ap+ dành cho da bị ngứa, mẩn đỏ cho bé (75ml)","Sữa dưỡng thể, kem dưỡng thể",Viên nén,260000.0,225,Pháp,38,unknown,Asia,0,4.910923759081436
Dung dịch tạo bọt ngăn ngừa mụn Acnes Foaming Wash Rohto sạch khuẩn (150ml),"Sữa rửa mặt (Kem, gel, sữa)",Viên nén,63750.0,10,Nhật Bản,38,unknown,Asia,1,4.990031221032709
Sữa dưỡng ẩm Fixderma Multi Active Moisturizing Lotion cân bằng độ ẩm cho da (150ml),"Sữa dưỡng thể, kem dưỡng thể",Viên nén,337000.0,124,Mỹ,44,unknown,Asia,0,4.799536085947006
Nước làm sạch sâu và tẩy trang La Roche-Posay Micellar Water Ultra Sensitive Skin dành cho da nhạy cảm (400ml),"Nước tẩy trang, dầu tẩy trang",Viên nén,420000.0,225,Pháp,23,unknown,Europe,1,4.9637840364886685
"Dầu gội Vichy Dercos Anti-Pelliculaire Anti-Dandruff Dry Hair giảm gàu, ngứa da đầu (200ml)",Dầu gội dầu xả,Viên nén,332000.0,449,Pháp,36,unknown,Europe,3,4.93614084041653
Gel tắm gội 3 trong 1 cho trẻ từ 1 ngày tuổi Perfecta Baby Rohto dưỡng ẩm da (150ml),"Sữa tắm, xà bông",Viên nén,185000.0,363,Nhật Bản,1,unknown,Europe,0,4.9472200007730995
Kem dưỡng ẩm Gammaphil Moisturizing Cream dành cho mọi loại da (50g),Dưỡng da mặt,Dạng kem,120000.0,133,Việt Nam,38,unknown,Asia,1,4.935882133637969
"Cao Starbalm Sports Balm White làm ấm cơ, giúp cơ thư giãn sau khi vận động (25g)",Massage,Cao,80000.0,392,Hà Lan,10,unknown,Europe,0,4.92999880839811
"Gel Fixderma FCL Alpha-Beta Acne dành chăm sóc da mụn, hạn chế mụn trứng cá, mụn đầu đen (30ml)","Kem trị mụn, gel trị mụn",Viên nén,546000.0,124,Mỹ,44,unknown,Asia,1,4.805134223077762
"Gel chống nắng Fixderma Shadow SPF30+ PA+++ dành cho da nhờn, hỗn hợp, da ra nhiều mồ hôi (75g)",Kem chống nắng da mặt,Viên nén,273000.0,124,Mỹ,44,unknown,Asia,1,4.911927310252912
Sữa rửa mặt làm giảm mụn Fixderma FCL Alpha-Beta Acne Cleanser (200ml),"Sữa rửa mặt (Kem, gel, sữa)",Viên nén,584000.0,124,Mỹ,44,unknown,Asia,1,4.825245080591973
"Serum Auvilys C Vitamin C 30ml Auvi Nature dùng ban ngày, dưỡng da, tăng cường độ ẩm, sáng da",Dưỡng da mặt,Serum,1050000.0,31,Úc,40,unknown,Other,1,4.953352719482078
"Gel Clear Face Anti-Pimple Sebamed pH 5.5 giúp làm giảm mụn,ngăn ngừa mụn, dưỡng ẩm (10ml)",Dưỡng da mặt,Gel,188000.0,382,Đức,43,unknown,Europe,1,4.828906327258167
"Kem ngừa mụn ban ngày Canova Acnell 50+ giúp chăm sóc và dưỡng ẩm cho da bị mụn, da kích ứng và da nhạy cảm (50ml)",Chăm sóc da mặt,Kem bôi da,545000.0,386,Ý,41,unknown,Europe,1,4.950397270246913
"Sữa dưỡng ẩm toàn thân cho bé Baby Sebamed Body Lotion ph 5.5 giúp da không bị khô ráp, dưỡng ẩm toàn thân (200ml)","Sữa dưỡng thể, kem dưỡng thể",Lotion bôi da,279000.0,382,Đức,43,unknown,Europe,0,4.858614255329039
Sữa tắm gội dịu nhẹ toàn thân Baby Sebamed Gentle Wash pH5.5 giúp làm sạch bụi bẩn bám trên da bé (200ml),"Sữa tắm, xà bông",Viên nén,239000.0,382,Đức,43,unknown,Europe,0,4.814374633153727
"Dầu gội Canova Rivescal DS Soothing Shampoo Biomedico làm dịu da, ngăn ngừa tiết bã nhờn (200ml)",Chăm sóc cơ thể,Dung dịch,535000.0,386,Ý,41,unknown,Europe,0,4.942057617232096
"Gel Neotone IsisPharma làm sạch da êm dịu, giúp da trắng sáng (40ml)","Sữa rửa mặt (Kem, gel, sữa)",Gel,169000.0,189,Pháp,23,unknown,Europe,1,4.974501935842636
"Dung dịch vệ sinh phụ nữ Intimate Wash Foam Sebamed giúp làm sạch dịu nhẹ đa vùng kín, giúp ngăn mùi hôi (200ml)",Chăm sóc cơ thể,Dung dịch,310000.0,382,Việt Nam,43,unknown,Europe,0,4.910213570369543
Kem mờ nám Canova 8+2 Sifarma điều trị tăng sắc tố da (50ml),Giải pháp làn da,Dạng kem,750000.0,386,Ý,41,unknown,Europe,6,4.975279773736064
Dầu gội làm sạch gàu dạng dây Head And Shoulders bạc hà mát lạnh (12 gói x 5.7ml),Dầu gội dầu xả,Viên nén,18000.0,164,Hoa Kỳ,31,unknown,Asia,3,4.636541905821252
"Sữa rữa mặt và tắm toàn thân Liquid Face & Body Wash Sebamed giúp làm sạch bụi bẩn, bã nhờn trên da (300ml)","Sữa rửa mặt (Kem, gel, sữa)",Viên nén,380000.0,382,Đức,43,unknown,Europe,1,4.966927983724952
"Dầu gội Hanko Shampoo giúp loại bỏ gàu, nấm, ngứa (100ml)",Dầu gội dầu xả,Dung dịch,220000.0,5,Hàn Quốc,11,unknown,Asia,3,4.877296239279291
Kem dưỡng ẩm Xerolys 10 Thiên Nam dưỡng ẩm và cung cấp dưỡng chất cho da khô và da nhạy cảm (200 ml),"Sữa dưỡng thể, kem dưỡng thể",Viên nén,418000.0,233,Pháp,23,unknown,Europe,0,4.968806028708755
"Gel rửa mặt K3 Aosacleanser Purifying giúp giảm nhờn, mụn, làm sạch da một cách dịu nhẹ (200ml)","Sữa rửa mặt (Kem, gel, sữa)",Nhũ tương (Gel),320000.0,199,Ý,41,unknown,Europe,1,4.959688736308042
Tinh chất Auvihyal Hyaluronic Acid Solution giúp tăng cường độ ẩm và chống nhăn da (20ml),"Dưỡng da bị khô, thiếu ẩm",Viên nén,890000.0,208,Úc,40,unknown,Other,0,4.9614199016046685
"Sữa tắm Dr.EA Body Zolic Body Cleansing Milk 150ml làm sạch sâu cho da, hỗ trợ điều trị viêm da","Sữa tắm, xà bông",Gel,220000.0,99,Thổ Nhĩ Kỳ,32,unknown,Europe,0,4.952127834273528
"Xịt khử mùi Nivea Anti-Perspirant Extra Brightening 8 Super Food giảm tiết mồ hôi, ngăn mùi đến 48h (150ml)","Lăn khử mùi, xịt khử mùi",Viên nén,98000.0,303,Đức,31,unknown,Asia,0,4.983142209881808
Sữa tắm Baby Sebamed Bubble Bath pH5.5 giúp làm sạch bụi bẩn bám trên da bé (200ml),"Sữa tắm, xà bông",Viên nén,208000.0,382,Đức,43,unknown,Europe,0,4.8492100764554324
Kem mờ sẹo C-Section Scars & Stretch Marks Dr. Celine (15g),"Trị sẹo, mờ vết thâm",Dạng kem,190000.0,166,Việt Nam,38,unknown,Asia,7,4.9662958855719275
Sữa tắm gội trẻ em tinh chất hoa cúc Cetaphil Baby Wash And Shampoo With Organic Calendula (230ml),"Sữa tắm, xà bông",Viên nén,187000.0,68,Canada,43,unknown,Europe,0,4.951138930823761
"Sữa dưỡng thể Cetaphil Pro Ad Derma Skin Restoring Moisturizer dành cho da khô, da cơ địa (295ml)","Sữa dưỡng thể, kem dưỡng thể",Viên nén,629000.0,68,Canada,5,unknown,America,0,4.94598793292398
"Kem dưỡng da mặt Eucerin AtoControl Face Cream giảm khô, ngứa và mẩn đỏ (50ml)","Dưỡng da bị khô, thiếu ẩm",Dạng kem,295000.0,118,Đức,23,unknown,Europe,0,4.928403321895702
"Kem dưỡng da mặt Eucerin AtoControl Acute Care Cream giảm khô, ngứa và mẩn đỏ (40ml)",Viêm da cơ địa,Viên nén,483000.0,118,Đức,23,unknown,Europe,6,4.861885900443403
Dầu gội cho da đầu nhạy cảm Eucerin Dermo Capillaire pH5 Mild Shampoo ngăn ngừa khô da đầu (250ml),Chăm sóc tóc - da đầu,Dung dịch,275000.0,118,Đức,23,unknown,Europe,3,4.896570843957407
"Kem dưỡng môi La Roche-Posay Cicaplast Levres giảm tình trạng môi khô, nứt nẻ và kích ứng (7.5ml)",Son môi,Viên nén,215000.0,225,Pháp,23,unknown,Europe,10,4.859809434654847
Gel tắm La Roche-Posay Lipikar Gel Lavant giúp da được làm dịu và làm sạch mọi độc tố (200ml),"Sữa tắm, xà bông",Viên nén,235000.0,225,Pháp,23,unknown,Europe,0,4.987963645669886
"Sữa tắm không cần dùng nước NoRinse Body Bath thay thế cách tắm thông thường (236,6ml)","Sữa tắm, xà bông",Dung dịch,157000.0,208,Hoa Kỳ,7,unknown,America,0,4.969409195483259
Kem ngăn ngừa lão hóa ban đêm Eucerin Hyaluron-Filler Night Cream (50ml),"Tái tạo, chống lão hóa da",Viên nén,1370000.0,118,Đức,23,unknown,Europe,7,4.7636165620070186
Sữa rửa mặt Physiogel Daily Moisture Therapy Dermo-Cleanser 150ml cho da khô,"Sữa rửa mặt (Kem, gel, sữa)",Viên nén,160000.0,338,Anh,23,unknown,Europe,1,4.950131874497405
"Nước cân bằng Eucerin DermatoClean Clarifying Toner giữ ẩm, dịu nhẹ cho da (200ml)",Chăm sóc da mặt,Dung dịch,603000.0,118,Đức,23,unknown,Europe,1,4.919336404192659
"Dầu gội Ducray Kertyol P.S.O Shampoo làm sạch tóc, loại bỏ gàu dạng mảng và vảy nến (125ml)",Dầu gội dầu xả,Viên nén,350000.0,103,Pháp,23,unknown,Europe,3,4.969822711001173
"Kem Fixderma Strallium Stretch Mark Cream cải thiện tính đàn hồi, làm mềm da, loại bỏ vết rạn da (75g)",Trị nứt da,Viên nén,450000.0,124,Mỹ,44,unknown,Asia,7,4.615551768618497
Sữa tắm gội Eucerin Baby Wash & Shampoo làm sạch dịu nhẹ mái tóc và làn da của bé (400ml),"Sữa tắm, xà bông",Dung dịch,280000.0,118,Đức,23,unknown,Europe,0,4.925361746247357
Kem dưỡng Eucerin Hyaluron-Filler Eye SPF15 ngăn ngừa lão hóa vùng mắt (15ml),Xoá nếp nhăn vùng mắt,Viên nén,1080000.0,118,Đức,23,unknown,Europe,2,4.895143474882053
"Dầu gội Ducray Kelual DS Shampoo làm sạch gàu, dịu da đầu và bớt ngứa (100ml)",Dầu gội dầu xả,Viên nén,455000.0,103,Pháp,23,unknown,Europe,3,4.955221056072298
"Lăn chăm sóc thâm quầng mất Emco UltraCream giảm vết nhăn nơi đuôi mắt, dưỡng da vùng mắt (15g)","Trị quầng thâm, bọng mắt",Dạng kem,140000.0,405,Việt Nam,38,unknown,Asia,7,4.90523955200128
Kem che khuyết điểm Eucerin ProAcne Correct Cover Stick giảm mụn thâm (2g),Trang điểm mặt,Viên nén,370000.0,118,Đức,43,unknown,Europe,10,4.815766384127486
Nước tẩy trang Eucerin Pro Acne Acne And Make Up Cleansing Water giảm nhờn trên da (200ml),"Nước tẩy trang, dầu tẩy trang",Viên nén,259000.0,118,Đức,43,unknown,Europe,1,4.940707610710328
Sữa tắm Eucerin pH5 WashLotion Preserves Skin Resilience dành cho da nhạy cảm (1000ml),"Sữa tắm, xà bông",Viên nén,499000.0,118,Đức,31,unknown,Asia,0,4.921108098289708
"Nước hoa hồng Eucerin Acne-Oil Control ProAcne Solution Toner dành cho da mụn, da dầu (200ml)",Toner (nước hoa hồng) / Lotion,Viên nén,389000.0,118,Đức,43,unknown,Europe,1,4.895835003817371
Gel tẩy tế bào chết Eucerin Acne-Oil Control Pro Acne Solution Scrub dành cho da mụn (100ml),Tẩy tế bào chết,Viên nén,279000.0,118,Đức,43,unknown,Europe,7,4.921189239212655
Nước tẩy trang Eucerin DermatoClean Micellar 3 IN 1 dành cho mọi loại da (200ml),"Nước tẩy trang, dầu tẩy trang",Dung dịch,339000.0,118,Đức,43,unknown,Europe,1,4.944290811484989
Kem Ellgy Plus Cracked Heel Cream HOE làm ẩm da gót chân (25g),"Kem dưỡng da tay, chân",Viên nén,85000.0,174,Malaysia,17,unknown,Asia,0,4.889397135383181
Dầu gội Shitinsof Hán Phương - Linh Chi Đen Tóc Danh Nhân Đường 15ml nhuộm đen và dưỡng tóc (3 gói),Đặc trị cho tóc,Viên nén,18000.0,21,Việt Nam,38,unknown,Asia,3,4.2345685897435885
"Sữa rửa mặt Sebamed Clear Face Antibacterial Cleansing Foam kháng khuẩn, ngăn ngừa mụn (50ml)","Sữa rửa mặt (Kem, gel, sữa)",Viên nén,160000.0,382,Đức,43,unknown,Europe,1,4.834668093836026
Sữa rửa mặt dịu nhẹ Eucerin Ultra White+ Spotless Gentle Cleansing Foam dành cho mọi loại da (150g),"Sữa rửa mặt (Kem, gel, sữa)",Dạng kem,519000.0,118,Đức,1,unknown,Europe,1,4.900247990531882
Mặt nạ Dermal tinh chất Collagen dưa leo dưỡng ẩm da (23g),Mặt nạ,Viên nén,15000.0,92,Việt Nam,38,unknown,Asia,1,3.239050877192982
"Dầu gội Sebamed Anti-Dandruff Shampoo sạch gàu, giảm rụng tóc, nấm da đầu (200ml)",Dầu gội dầu xả,Viên nén,333000.0,382,Đức,38,unknown,Asia,3,4.9394663672092385
"Sữa rửa mặt Clear Face Antibacterial Cleansing Foam Sebamed giúp làm sạch bụi bẩn, bã nhờn và tế bào da chết (150ml)","Sữa rửa mặt (Kem, gel, sữa)",Viên nén,360000.0,382,Đức,43,unknown,Europe,1,4.966216760814736
"Cao Starbalm Sports Balm trắng làm ấm cơ, giúp cơ thư giãn sau khi vận động dành cho da nhạy cảm (10g)",Massage,Viên nén,40000.0,392,Hà Lan,10,unknown,Europe,0,4.948188155129362
"Cao đỏ Starbalm làm ấm cơ, giúp cơ thư giãn sau khi vận động (10g)",Massage,Viên nén,45000.0,392,Hà Lan,10,unknown,Europe,0,4.955955388993454
Dầu dừa hoa bưởi Sense Rootie Sense Plus dưỡng tóc khỏe mượt (50ml),Dầu dừa,Viên nén,155000.0,384,Việt Nam,38,unknown,Asia,12,4.947344323391131
Dầu dừa nghệ trắng da Sense Turmeric Sense Plus dưỡng ẩm cho da mặt và mắt vào buổi tối (10ml),"Tái tạo, chống lão hóa da",Viên nén,75000.0,384,Việt Nam,38,unknown,Asia,7,4.895872982278884
Sữa rửa mặt dạng gel giúp làm sạch sâu và giảm bã nhờn trên da Vichy Normaderm Phytosolution Intensive Purifying Gel (200ml),"Sữa rửa mặt (Kem, gel, sữa)",Gel,384000.0,449,Pháp,23,unknown,Europe,1,4.975144311213192
Sữa tắm Corine De Farme Gel Douche Shower Gel dùng cho toàn thân và vùng sinh dục ngoài (250ml),"Sữa tắm, xà bông",Viên nén,145000.0,72,Pháp,23,unknown,Europe,0,4.988049738489402
"Xà phòng Fixderma Moisturizing Bar làm sạch da, dưỡng da và giữ ẩm làm da mềm mịn (100g)","Sữa tắm, xà bông",Viên nén,140000.0,124,Mỹ,44,unknown,Asia,0,4.900134059963366
Sữa rửa mặt cho da nhạy cảm Eucerin PH5 Facial Cleanser Sensitive Skin (400ml),"Sữa rửa mặt (Kem, gel, sữa)",Viên nén,279000.0,118,Đức,43,unknown,Europe,1,4.940896937559733
"Thanh kháng khuẩn Sebamed Cleansing Bar 100g làm sạch da nhạy cảm, da chàm","Sữa tắm, xà bông",Viên nén,150000.0,382,Đức,43,unknown,Europe,0,4.86299288137545
Sữa rửa mặt dịu nhẹ sáng da Eucerin Spotless Brightening Gentle Cleansing Foam dành cho mọi loại da (150ml),"Sữa rửa mặt (Kem, gel, sữa)",Viên nén,519000.0,118,Đức,31,unknown,Asia,1,4.911910840670622
Sữa dưỡng thể trắng da Eucerin Even Skin Spotless Brightening Body Lotion SPF7 (250ml),Chăm sóc cơ thể,Viên nén,280000.0,118,Đức,31,unknown,Asia,0,4.938443424130394
"Kem dưỡng sáng da ban đêm Eucerin Even Skin Spotless Brightening Night giảm vết thâm nám, đốm nâu (50ml)","Kem trị nám, tàn nhang, đốm nâu",Dạng kem,929000.0,118,Đức,1,unknown,Europe,7,4.671301413313656
"Kem Secalia AHA IsisPharma dưỡng ẩm, làm mềm, giảm khô da, giảm kích ứng (200ml)","Dưỡng da bị khô, thiếu ẩm",Viên nén,230000.0,189,Pháp,23,unknown,Europe,0,4.985777845477949
Dầu gội trị gàu Otuna 2.5% giảm viêm da tiết bã nhờn ở da đầu (120ml),Dầu gội dầu xả,Dung dịch,230000.0,323,Ấn Độ,44,unknown,Asia,3,4.772168563513855
"Kem bôi da D79 GSV Cream 15g hỗ trợ điều trị mụn đầu trắng, đầu đen, sẩn và mụn mủ","Kem trị mụn, gel trị mụn",Viên nén,230000.0,357,Việt Nam,38,unknown,Asia,1,4.948280653188577
Gel rửa mặt bí đao Cocoon giúp làm sạch sâu lỗ chân lông (310ml),"Sữa rửa mặt (Kem, gel, sữa)",Viên nén,230000.0,71,Việt Nam,38,unknown,Asia,1,4.975461020936439
"Sữa chống nắng bí đao Cocoon giúp bảo vệ da trước tia UVA, UVB (50ml)",Chống nắng toàn thân,Viên nén,230000.0,71,Việt Nam,38,unknown,Asia,0,4.971886161717084
"Nước dưỡng tóc tinh dầu bưởi Cocoon giảm gãy rụng, nuôi dưỡng da đầu (310ml)","Dưỡng tóc, ủ tóc",Viên nén,230000.0,71,Việt Nam,38,unknown,Asia,3,4.95976515666576
Tinh chất Radical Med Anti-Hair Loss ngừa rụng tóc cho nam (3 ống),Đặc trị cho tóc,Viên nén,230000.0,359,Ba Lan,1,unknown,Europe,3,4.890246236016532
"Mặt nạ nghệ Hưng Yên Cocoon cải thiện bề mặt, giúp da trở nên mịn màng (30ml)",Mặt nạ,Viên nén,230000.0,71,Việt Nam,38,unknown,Asia,1,4.975461020936439
"Sữa chống nắng bí đao Cocoon giúp bảo vệ da trước tia UVA, UVB (5ml)",Chống nắng toàn thân,Viên nén,230000.0,71,Việt Nam,38,unknown,Asia,0,4.971886161717084
Kem dưỡng Eau Thermale Avène Cold Cream 100ml làm mềm dịu cho da nhạy cảm khô đến rất khô,Dưỡng da mặt,Dạng kem,230000.0,32,Pháp,23,unknown,Europe,1,4.9266446041514955
"Nước xịt khoáng Uriage Eau Thermale 150ml bảo vệ da, ngăn ngừa mất nước, làm ẩm da",Chăm sóc da mặt,Viên nén,230000.0,438,Pháp,23,unknown,Europe,1,4.943982634472504
"Serum chàm sữa Nhân Hưng dưỡng ẩm, mềm da, giảm ngứa (20ml)",Chăm sóc cơ thể,Serum,230000.0,298,Việt Nam,38,unknown,Asia,0,4.880329639757683
"Kem xoa bóp Starbalm Massage Lotion hỗ trợ giảm đau cơ, khớp (200ml)",Massage,Viên nén,230000.0,392,Hà Lan,10,unknown,Europe,0,4.922011675915331
Ống Starbalm Warm Stick giảm đau cơ bắp do vận động,Massage,Viên nén,230000.0,392,Hà Lan,10,unknown,Europe,0,4.922011675915331
Viên uống Active Liver Plus New Nordic hỗ trợ tăng cường chức năng gan (2 vỉ x 15 viên),Chức năng gan,Viên nén,420000.0,265,Thụy Điển,34,unknown,Europe,4,4.726713709149853
"Viên uống Alisha Biotic For Women Happy Life bổ sung lợi khuẩn, hỗ trợ sức khoẻ nữ giới (3 vỉ x 10 viên)",Sinh lý - Nội tiết tố,Viên nang cứng,183200.0,208,Việt Nam,38,unknown,Asia,11,4.921879311320872
Bổ Não Ích Trí Gold Tất Thành tăng cường tuần hoàn não (60 viên),Bổ não - cải thiện trí nhớ,Viên nang,210000.0,428,Việt Nam,38,unknown,Asia,4,4.9595128716563455
"Dung dịch D3 Drops 10ml Dao Nordic Health bổ sung vitamin D3, hỗ trợ phát triển của xương","Tăng sức đề kháng, miễn dịch",Dung dịch,270000.0,74,Đan Mạch,42,unknown,Europe,4,4.953292864263898
"Dung dịch Bio Plus 15g Kenko bổ sung vi khuẩn có lợi cho hệ tiêu hóa, cân bằng đường ruột (10 gói)","Dạ dày, tá tràng",Dung dịch,560000.0,202,Nhật Bản,22,unknown,Asia,4,4.9395112181211775
"Thực phẩm bảo vệ sức khỏe SIRO G+ Kenko hỗ trợ tăng đề kháng, giảm các triệu chứng trên đường hô hấp trên (100ml)","Tăng sức đề kháng, miễn dịch",Siro,320000.0,202,Nhật Bản,22,unknown,Asia,4,4.981450156328714
Viên uống bổ xương khớp Premium Omexxel Bone Health (60 viên),Cơ xương khớp,Viên nang cứng,539000.0,310,Hoa Kỳ,7,unknown,America,4,4.994658314099542
"Viên uống Omexxel Collagen làm chậm quá trình lão hóa da, tăng độ đàn hồi cho da (3 vỉ x 10 viên)",Da,Viên nang mềm,380000.0,310,Hoa Kỳ,7,unknown,America,4,4.97995120042587
Viên uống Premium Omexxel Blood Sugar Health hỗ trợ ổn định đường huyết (60 viên),Hỗ trợ điều trị tiểu đường,Viên nang cứng,416500.0,310,Hoa Kỳ,7,unknown,America,4,4.969948808753374
Viên uống Premium Omexxel Strong Hepa hỗ trợ bảo vệ gan (60 viên),Chức năng gan,Viên nang cứng,416500.0,310,Hoa Kỳ,7,unknown,America,4,4.969948808753374
"Viên uống Premium Omexxel Skin, Hair And Nails Health bổ sung Collagen, giúp làm đẹp da, tóc, móng (60 viên)",Da,Viên nang cứng,595000.0,310,Hoa Kỳ,7,unknown,America,4,4.995456279241298
Viên uống Premium Omexxel Memory Health hỗ trợ tốt cho não bộ (60 viên),Bổ não - cải thiện trí nhớ,Viên nang cứng,539000.0,310,Hoa Kỳ,7,unknown,America,4,4.994658314099542
"Viên nang mềm Omexxel Arthri hỗ trợ tăng tiết dịch khớp, giảm đau do lão hóa khớp (3 vỉ x 10 viên)",Cơ xương khớp,Viên nang mềm,380000.0,310,Hoa Kỳ,7,unknown,America,4,4.97995120042587
Viên nang cứng Naturenz Gold DHG Pharma hỗ trợ giảm các triệu chứng của viêm gan (100 viên),Chức năng gan,Viên nang cứng,280000.0,77,Việt Nam,38,unknown,Asia,4,4.934211499742885
"Cốm thảo mộc Thanh Nhiệt Plus Kingphar thanh nhiệt, mát gan (6 gói x 7g)",Chức năng gan,Cốm,15600.0,208,Việt Nam,38,unknown,Asia,4,4.5550750202949
"Siro Special Kid Soulag'Doux hỗ trợ nhuận tràng, giúp kích thích tiêu hóa (125ml)",Táo bón,Siro,239000.0,108,Pháp,23,unknown,Europe,8,4.968142842633893
"Viên uống Toàn Lộc Bổ Phế Kingphar giúp thanh nhiệt, nhuận phế (60 viên)","Hô hấp, ho, xoang",Viên nén bao phim,193000.0,208,Việt Nam,38,unknown,Asia,4,4.941974500925335
Viên uống Pygeum Tiền Liệt Tuyến Kingphar hỗ trợ cải thiện rối loạn tiểu tiện (4 vỉ x 10 viên),"Thận, tiền liệt tuyến",Viên nén bao phim,204000.0,208,Việt Nam,38,unknown,Asia,4,4.837949358847208
"Viên uống Golex Ocevin bổ thận, tăng cường sức khỏe cho nam giới (30 viên)","Thận, tiền liệt tuyến",Viên nang,396000.0,339,Tây Ban Nha,36,unknown,Europe,4,4.957439925967502
"Viên uống NMN PQQ KenKo bổ sung NMN, PQQ và một số vitamin, chống oxy hóa, chống lão hóa (60 viên)",Vitamin tổng hợp,Viên nang cứng,6675000.0,202,Nhật Bản,22,unknown,Asia,15,4.974744719319224
"Nhụy hoa nghệ tây Sasagold Saffron bổ sung Vitamin và chất chống oxy hóa, hỗ trợ làm đẹp da (0.5g)",Cải thiện tăng cường chức năng,Dạng sợi,234000.0,399,Iran,14,unknown,Asia,4,4.847595675161349
Sữa Nutifood Varna Colostrum 237ml hỗ trợ tăng cường sức đề kháng (24 chai),Sữa,Dung dịch,31500.0,208,Việt Nam,38,unknown,Asia,5,4.865898825633311
Cốm pha hỗn dịch uống Probio Imexpharm cân bằng hệ vi sinh đường ruột (14 gói),"Dạ dày, tá tràng",Cốm pha hỗn dịch uống,21000.0,190,Việt Nam,38,unknown,Asia,4,4.766671264635316
Thực phẩm bảo vệ sức khỏe Carbo Nam Việt giảm triệu chứng đầy hơi (100 viên),Hỗ trợ tiêu hóa,Viên nén,9000.0,276,Việt Nam,38,unknown,Asia,8,4.964952674930283
"Viên sủi Thanh Nhiệt Livecool Nam Dược hương dưa gang giải độc, mát gan, tăng cường sức đề kháng (16 viên)",Chức năng gan,Viên sủi,40000.0,274,Việt Nam,38,unknown,Asia,4,4.946829241268965
Dầu gấc viên nang Vinaga giúp tăng cường chống oxy hóa (100 viên),Cải thiện tăng cường chức năng,Viên nang,68000.0,454,Việt Nam,38,unknown,Asia,4,4.8344239459375675
"Viên uống Diabetna Nam Dược hỗ trợ giảm đường huyết, giảm HbA1c (4 vỉ x 10 viên)",Hỗ trợ điều trị tiểu đường,Viên nang,108000.0,274,Việt Nam,38,unknown,Asia,4,4.948746881744355
Viên uống Tiêu Khiết Thanh Á Âu hỗ trợ thanh nhiệt giải độc cho cơ thể (3 vỉ x 10 viên),"Hô hấp, ho, xoang",Viên nén,160000.0,474,Việt Nam,38,unknown,Asia,4,4.958468688652136
"Viên khớp Tâm Bình hỗ trợ giảm các triệu chứng của thoái hóa khớp, viêm khớp (60 viên)",Cơ xương khớp,Viên nang cứng,96000.0,425,Việt Nam,38,unknown,Asia,4,4.832371058455451
"Siro Ích nhi 3+ Nam Dược giúp giảm ho, đờm, sổ mũi (90ml)","Hô hấp, ho, xoang",Siro,55000.0,274,Việt Nam,38,unknown,Asia,4,4.9343312112383195
"Viên uống Vitamin B1-Tm 2.5mg Đại Y bổ sung vitamin B1, tăng cường sức đề kháng (100 viên)",Vitamin & Khoáng chất,Viên nén,30.0,480,Việt Nam,38,unknown,Asia,15,4.8125075856864905
"Viên Vai Gáy Thái Dương tăng lưu thông khí huyết, giảm triệu chứng đau mỏi vai gáy (2 vỉ x 15 viên)",Hỗ trợ điều trị,Viên nang cứng,108000.0,381,Việt Nam,38,unknown,Asia,9,4.795928362797385
Viên nang mềm Eganin DongKwang hỗ trợ giải độc và bảo vệ gan (12 vỉ x 5 viên),Chức năng gan,Viên nang mềm,205000.0,97,Việt Nam,11,unknown,Asia,4,4.715842440537718
Viên uống Tràng Phục Linh Plus Thái Minh hỗ trợ giảm các triệu chứng của hội chứng ruột kích thích (80 viên),Đại tràng,Viên nén,670000.0,407,Việt Nam,38,unknown,Asia,8,4.86843727165951
"Viên uống Living Healthy Lung Care hỗ trợ tăng cường sức khỏe, bổ phổi (60 viên)","Hô hấp, ho, xoang",Viên nén bao phim,326400.0,215,Úc,40,unknown,Other,4,4.942038886146614
Viên uống hỗ trợ giảm viêm khớp Living Healthy Glucosamine Sulphate 1500mg Complex (60 viên),Cơ xương khớp,Viên nén,438400.0,215,Úc,40,unknown,Other,4,4.904476590613985
"Viên uống Bilberry 10g Plus Soft Gel Capsules hỗ trợ tăng cường thị lực, chống oxy hóa (60 viên)","Bổ mắt, bảo vệ mắt",Viên nang mềm,520000.0,215,Úc,40,unknown,Other,4,4.9253606141808755
"Viên uống Living Healthy CoQ10 150mg hỗ trợ tim mạch, tuần hoàn máu (60 viên)",Sức khoẻ tim mạch,Viên nang mềm,600000.0,215,Úc,40,unknown,Other,13,4.877568613890371
Viên uống Living Healthy 5-Loxin Boswellia Serrata Extract + Curcumin hỗ trợ giảm viêm khớp (60 viên),Cơ xương khớp,Viên nang cứng,600000.0,215,Úc,40,unknown,Other,4,4.952077878920594
"Viên uống Suvéal Magne-Fer Densmore bổ sung magie, vitamin B6 và sắt cho cơ thể (2 vỉ x 15 viên)",Vitamin & Khoáng chất,Viên nang cứng,297000.0,89,Pháp,23,unknown,Europe,15,4.952815233563461
"Viên uống Omega 3 Power DAO Nordic Health hỗ trợ tăng cường sức khoẻ tim mạch, giảm mỡ máu (120 viên)",Giảm Cholesterol,Viên nang mềm,330000.0,74,Đan Mạch,42,unknown,Europe,4,4.939127962015982
"Viên uống Diatema Tuệ Linh hỗ trợ hạ đường huyết, giảm mỡ máu (60 viên)",Hỗ trợ điều trị tiểu đường,Viên nén bao phim,120000.0,421,Việt Nam,38,unknown,Asia,4,4.787190314885084
Viên nhai Nature's Way Kids Smart Bursts DHA 300mg Triple Strength hỗ trợ phát triển não bộ (50 viên),Bổ não - cải thiện trí nhớ,Viên nang mềm,382500.0,286,Úc,40,unknown,Other,4,4.971539810435501
"Thực phẩm bảo vệ sức khỏe Ích Can Thanh Hoa Linh hỗ trợ thải độc gan, tăng cường chức năng gan (6 lọ x 10ml)",Chức năng gan,Dung dịch uống,120000.0,171,Việt Nam,38,unknown,Asia,4,4.872499153312537
"Men vi sinh Optibac Every Day bổ sung lợi khuẩn, hổ trợ tiêu hóa (30 viên)",Hỗ trợ tiêu hóa,Viên nang cứng,336000.0,208,Anh,5,unknown,America,8,4.503401530336296
"Sữa Anlene Gold 3X hương vani, ít béo giúp cơ khỏe, xương chắc, khớp linh hoạt (400g)",Sữa,Dạng bột,203000.0,24,New Zealand,17,unknown,Asia,5,4.695051125612339
Thực phẩm bảo vệ sức khỏe Bioamicus Omega-3 hỗ trợ tốt cho mắt và não (30ml),Vitamin tổng hợp,Dung dịch,385000.0,35,Canada,5,unknown,America,15,4.832450328533676
Dung dịch uống B12 Energy Max Italy bổ sung acid amin và vitamin B12 cho cơ thể (10 lọ x 10ml),"Tăng sức đề kháng, miễn dịch",Dung dịch,392000.0,367,Ý,41,unknown,Europe,4,4.9411122441909905
"Thực phẩm bảo vệ sức khỏe Condition Liver Kolmar giúp mát gan, bảo vệ gan (90 viên)",Chức năng gan,Viên nén,467500.0,210,Hàn Quốc,11,unknown,Asia,4,4.950759190315985
"Sữa bột Neomil Nano Nafaco 900g bổ sung dưỡng chất cho người sau phẫu thuật, dưỡng bệnh (900g)",Sữa,Dạng bột,750000.0,208,Việt Nam,38,unknown,Asia,5,4.971494480446006
"Sữa bột Ensure Gold StrengthPro Abbott hương lúa mạch tăng cường sức khỏe khối cơ, tăng miễn dịch (800g)",Sữa,Dạng bột,876000.0,7,Hoa Kỳ,25,unknown,Asia,5,4.992712635954053
Thực phẩm bảo vệ sức khỏe Condition EYE Berry Kolmar hỗ trợ tăng cường thị lực cho mắt (6 vỉ x 10 viên),"Bổ mắt, bảo vệ mắt",Viên nang mềm,246500.0,210,Hàn Quốc,11,unknown,Asia,4,4.867456888927589
"Dung dịch uống Novothym Novocare tăng sức đề kháng, giảm cảm cúm, viêm họng (2 vỉ x 5 ống)","Hô hấp, ho, xoang",Dung dịch uống,90000.0,267,Việt Nam,38,unknown,Asia,4,4.958606699284644
Thực phẩm bảo vệ sức khỏe Condition Ginkgo Kolmar hỗ trợ tăng bổ não cải thiện trí nhớ (60 viên),Bổ não - cải thiện trí nhớ,Viên nén,331500.0,210,Hàn Quốc,11,unknown,Asia,4,4.922357342035222
Sữa bột Enfamil A+ Neuro Pro GentleCare Mead Johnson cho trẻ 0-12 tháng (350g),Sữa,Dạng bột,325000.0,234,Hoa Kỳ,31,unknown,Asia,5,4.9800474107501405
"Viên uống Emmats TW3 hỗ trợ giảm nguy cơ lão hóa, cải thiện suy giảm nội tiết tố (2 vỉ x 10 viên)",Cân bằng nội tiết tố,Viên nén bao phim,165000.0,208,Việt Nam,38,unknown,Asia,11,4.91149164168817
Viên uống Nubest Tall 10+ bổ sung Canxi và vitamin D (60 viên),Bổ sung Canxi & Vitamin D,Viên nang cứng,990000.0,305,Hoa Kỳ,7,unknown,America,15,4.968221066512771
"Viên uống DHC Lutein Blue Light Protection bổ sung lutein, anthocyanin hỗ trợ hạn chế lão hóa mắt (30 viên)","Bổ mắt, bảo vệ mắt",Viên nang mềm,181000.0,76,Nhật Bản,22,unknown,Asia,4,4.860437257818765
"Viên uống DHC Concentrated Turmeric hỗ trợ chống oxy hóa, giải độc gan (60 viên)",Chức năng gan,Viên nang mềm,155500.0,76,Nhật Bản,22,unknown,Asia,4,4.918772216907491
Thực phẩm bảo vệ sức khỏe Simbiosistem Bouna bổ sung chất xơ (20 gói x 2g),Hỗ trợ tiêu hóa,Dạng bột,325000.0,52,Ý,41,unknown,Europe,8,4.950301670322499
Viên nén Vistamin B6 Đại Uy bổ sung vitamin B6 cho cơ thể (100 viên),Vitamin & Khoáng chất,Viên nén,3000.0,479,Việt Nam,38,unknown,Asia,15,4.8240075856864895
"Bột sủi Thanh Nhiệt Livecool Nam Dược hương chanh hỗ trợ giải độc, mát gan (10 gói x 7g)",Chức năng gan,Dạng bột,40000.0,274,Việt Nam,38,unknown,Asia,4,4.946829241268965
"Sữa Anlene Gold 3X hương vani hỗ trợ cơ khỏe, xương chắc, khớp linh hoạt (400g)",Sữa,Dạng bột,203000.0,24,New Zealand,17,unknown,Asia,5,4.695051125612339
"Viên uống Hewel Ecogreen hỗ trợ tăng khả năng thải độc, bảo vệ gan (30 viên)",Chức năng gan,Viên nang,240000.0,112,Hoa Kỳ,7,unknown,America,4,4.929317427204282
"Viên uống Bonisleep Botania giúp an thần, giảm căng thẳng thần kinh (30 viên)",Hỗ trợ giấc ngủ ngon,Viên nang,405000.0,50,Hoa Kỳ,5,unknown,America,14,4.70618224404015
"Viên uống Spivital Nutri DHG bổ sung dưỡng chất, tăng cường sức khỏe (10 vỉ x 10 viên)",Cải thiện tăng cường chức năng,Viên nang,168000.0,93,Việt Nam,38,unknown,Asia,4,4.9367757723863575
"Viên uống Phụ Lạc Cao EX Hồng Bàng hỗ trợ lưu thông khí huyết, bổ huyết (3 vỉ x 10 viên)",Cân bằng nội tiết tố,Viên nén,210000.0,183,Việt Nam,38,unknown,Asia,11,4.961585930421008
"Viên uống Lactomin Novarex bổ sung vi khuẩn có ích, giúp tái lập cân bằng hệ vi sinh đường ruột (6 vỉ x 10 viên)",Vi sinh - Probiotic,Viên nang,175000.0,304,Hàn Quốc,11,unknown,Asia,8,4.897613101483719
"Viên uống Vindermen Plus Vinh Gia hỗ trợ hoạt huyết, tăng cường lưu thông máu não (3 vỉ x 10 viên)",Bổ não - cải thiện trí nhớ,Viên nén,163000.0,455,Việt Nam,38,unknown,Asia,4,4.8901781748535225
Viên uống Xoang Bach Phuc Thái Minh hỗ trợ giảm triệu chứng viêm xoang (2 vỉ x 10 viên),"Hô hấp, ho, xoang",Viên nén,130000.0,229,Việt Nam,38,unknown,Asia,4,4.928102159143452
"Viên uống Tỏi đen Sâm Ngọc Linh Học Viện Quân Y hỗ trợ tăng cường sức khỏe, chống oxy hóa (60 viên)",Cải thiện tăng cường chức năng,Viên nang mềm,204000.0,156,Việt Nam,38,unknown,Asia,4,4.81251495397537
"Viên uống Hamega Nam Dược bảo vệ gan, giải độc gan do bia rượu (4 vỉ x 10 viên)",Chức năng gan,Viên nang,70000.0,274,Việt Nam,38,unknown,Asia,4,4.938711507786114
Viên uống Tiền Liệt Vương Tuệ Linh giúp hạn chế phát triển phì đại tiền liệt tuyến (60 viên),"Thận, tiền liệt tuyến",Viên nang mềm,180000.0,421,Việt Nam,38,unknown,Asia,4,4.941244212378503
"Viên uống Hộ Tạng Đường Hồng Bàng hỗ trợ hạ đường huyết, giảm cholesterol máu (3 vỉ x 10 viên)",Hỗ trợ điều trị tiểu đường,Viên nang,160000.0,183,Việt Nam,38,unknown,Asia,4,4.94183775000202
Viên uống Venpoten Pro-life hỗ trợ làm tăng trương lực tĩnh mạch (30 viên),Suy giãn tĩnh mạch,Viên nang,224000.0,293,New Zealand,21,unknown,Other,4,4.940171412480155
Viên uống An Nữ Đan Dân Khang hỗ trợ giảm tiến triển u xơ tử cung ở nữ và u tiền liệt tuyến ở nam (60 viên),Cân bằng nội tiết tố,Viên nang,155000.0,104,Việt Nam,38,unknown,Asia,11,4.671928453028549
"Viên uống BoniDiabet Botania hỗ trợ điều trị bệnh tiểu đường, làm giảm glucose máu (60 viên)",Hỗ trợ điều trị,Viên nang,405000.0,50,Hoa Kỳ,7,unknown,America,9,4.103963585092628
"Linh Chi Nhất Long CG hỗ trợ làm ổn định huyết áp, ổn định đường huyết (30 gói)",Giảm Cholesterol,Túi lọc,171000.0,59,Việt Nam,38,unknown,Asia,4,4.892721833287165
"Viên uống Bảo Khí Khang IMC hỗ trợ giảm ho, khạc đờm, khó thở, giảm tái phát hen suyễn (2 vỉ x 10 viên)","Hô hấp, ho, xoang",Viên nén,185000.0,186,Việt Nam,38,unknown,Asia,4,4.9393702236460175
Viên uống Nhũ Đan Lohha hỗ trợ làm chậm sự phát triển của u xơ tuyến vú (2 vỉ x 10 viên),Hỗ trợ điều trị,Viên nén,210000.0,229,Việt Nam,38,unknown,Asia,9,4.87776302614023
Viên uống Thấp Diệu Nang Tâm Bình hỗ trợ điều trị bệnh phong thấp (60 viên),Cơ xương khớp,Viên bao,84000.0,425,Việt Nam,38,unknown,Asia,4,4.809802717660135
Viên uống Vương Bảo Thái Minh dùng cho nam giới bị u xơ tiền liệt tuyến (2 vỉ x 10 viên),"Thận, tiền liệt tuyến",Viên nén,140000.0,407,Việt Nam,38,unknown,Asia,4,4.941513372604492
Viên uống Tràng Phục Linh Thái Minh dùng cho người bị viêm đại tràng cấp và mạn tính (2 vỉ x 10 viên),Đại tràng,Viên nang,105000.0,407,Việt Nam,38,unknown,Asia,8,4.9146266660571
"Viên ngậm Zecuf Herbal Drops giúp ấm họng, nhuận phế, hỗ trợ giảm triệu chứng ho (5 vỉ x 4 viên)","Hô hấp, ho, xoang",Viên ngậm,40000.0,208,Việt Nam,44,unknown,Asia,4,4.886004652377363
Siro Cường Phế Lotus tăng cường chức năng hô hấp (10 ống x 10ml),"Hô hấp, ho, xoang",Dung dịch,153000.0,232,Việt Nam,38,unknown,Asia,4,4.942681667726776
Viên ngậm Sữa Ong Chúa Vitamin C Mekophar bổ sung vitamin C cho cơ thể (24 hộp lẻ x 30 viên),Vitamin C các loại,Viên ngậm,9167.0,254,Việt Nam,38,unknown,Asia,15,4.790850925095614
"Viên uống Nhũ Ngọc Thiên Bình hỗ trợ điều trị u vú, điều hòa kinh nguyệt (3 vỉ x 10 viên)",Cân bằng nội tiết tố,Viên nang,153000.0,403,Việt Nam,38,unknown,Asia,11,4.89339613017313
"Siro Zecuf Herbal Syrup hỗ trợ bổ phế, giảm ho, làm dịu mát cổ họng (100ml)","Hô hấp, ho, xoang",Dung dịch,50000.0,208,Việt Nam,44,unknown,Asia,4,4.89075002178509
Viên uống Naturen Z DHG hỗ trợ giải độc gan (10 vỉ x 10 viên),Chức năng gan,Viên nang cứng,215000.0,93,Việt Nam,38,unknown,Asia,4,4.925567599664154
Viên uống Kim Thính Á Âu hỗ trợ tăng cường sức khỏe thính giác (3 vỉ x 10 viên),Cải thiện tăng cường chức năng,Viên nén,210000.0,474,Việt Nam,38,unknown,Asia,4,4.9674989617242025
"Viên uống Giảo Cổ Lam Tuệ Linh hỗ trợ chuyển hóa đường, giảm nguy cơ đường huyết cao (100 viên)",Giảm Cholesterol,Viên bao,225000.0,421,Việt Nam,38,unknown,Asia,4,4.950023356644712
"Siro Fitobimbi Isilax Concentrato Fluido Pharmalife nhuận tràng, hỗ trợ giảm táo bón cho trẻ (200ml)",Táo bón,Dung dịch,330000.0,122,Ý,41,unknown,Europe,8,4.925970955516693
Bột Calories - MD Dinh Dưỡng Việt bổ sung năng lượng (40 gói x 10g),Dinh dưỡng,Dạng bột,138000.0,94,Việt Nam,38,unknown,Asia,5,4.934559899291986
"Viên uống Danzym 10mg giảm sưng, đau nhức xương khớp (10 vỉ x 10 viên)",Cơ xương khớp,Viên bao,45000.0,440,Việt Nam,38,unknown,Asia,4,4.935086053080345
Viên uống Critta Trinh Nữ Hoàng Cung Phúc Vinh hỗ trợ hạn chế sự phát triển của u xơ lành tính (60 viên),Hỗ trợ điều trị,Viên nang mềm,59000.0,342,Việt Nam,38,unknown,Asia,9,4.397737475615946
"Viên uống ArmoLipid Plus Rottapharm giảm cholesterol, triglycerid trong máu (20 viên)",Giảm Cholesterol,Viên nén,235000.0,260,Ấn Độ,41,unknown,Europe,4,4.9357061664283375
"Viên uống Ích Niệu Khang Medistar hỗ trợ giảm tiểu đêm, tiểu nhiều lần (2 vỉ x 10 viên)","Thận, tiền liệt tuyến",Viên nén,155000.0,252,Việt Nam,38,unknown,Asia,4,4.936442129996427
"Viên uống giải độc gan Hamogan Tuệ Linh hỗ trợ giảm mỡ máu, mỡ gan (30 viên)",Chức năng gan,Viên nang mềm,176400.0,421,Việt Nam,38,unknown,Asia,4,4.921244212378503
Bột pha Calories - MCT 5g bổ sung năng lượng (40 gói),Cải thiện tăng cường chức năng,Dạng bột,220000.0,94,Việt Nam,38,unknown,Asia,4,4.951581810290781
Bột muối NBCA Hoa Duoc 100g hỗ trợ giảm các triệu chứng đau dạ dày do thừa acid dịch vị,Hỗ trợ tiêu hóa,Dạng bột,6000.0,179,Việt Nam,38,unknown,Asia,8,4.7387366347642095
"Viên uống Dầu Gấc Tuệ Linh hỗ trợ bảo vệ sức khỏe đôi mắt, tăng cường thị lực (60 viên)","Bổ mắt, bảo vệ mắt",Viên nang mềm,60000.0,421,Việt Nam,38,unknown,Asia,4,4.308744834704437
"Viên xương khớp Bách Niên Kiện FOBIC hỗ trợ giảm nguy cơ viêm khớp, thoái hóa khớp (2 vỉ x 10 viên)",Cơ xương khớp,Viên bao,185000.0,123,Việt Nam,38,unknown,Asia,4,4.9150490473805055
Viên nhai Kids Smart Nature's Way Vita Gummies Multi-vitamin Vegies bổ sung một số vitamin và tăng sức khỏe  (60 viên),Cải thiện tăng cường chức năng,Viên nhai,250750.0,286,Úc,40,unknown,Other,4,4.861426696873559
"Viên xương khớp Bách Niên Kiện FOBIC hỗ trợ giảm nguy cơ viêm khớp, thoái hóa khớp (80 viên)",Cơ xương khớp,Viên bao,699000.0,123,Việt Nam,38,unknown,Asia,4,4.94381724892231
Sữa non ColosBaby Gold VitaDairy bổ sung kháng thể IgG tự nhiên cho trẻ từ 1 - 2 tuổi (800g),Sữa,Dạng bột,510000.0,444,Việt Nam,38,unknown,Asia,5,4.961688557489545
Viên uống Intesta Biolek 35.7g hỗ trợ điều trị viêm đại tràng (4 vỉ x 15 viên),Đại tràng,Viên nang,865000.0,208,Ba Lan,1,unknown,Europe,8,4.8335479978737315
"Viên uống Bạch Địa Căn Hose Hoa Sen dùng cho người cảm sốt nóng cần hạ nhiệt, đau đầu (10 vỉ x 10 viên)","Tăng sức đề kháng, miễn dịch",Viên nang,70000.0,173,Việt Nam,38,unknown,Asia,4,4.935636008035733
"Hỗn dịch dạ dày Anvitra 15ml giảm acid dạ dày, ợ chua, nóng rát, bảo vệ niêm mạc dạ dày (15 gói)","Dạ dày, tá tràng",Hỗn dịch,160000.0,25,Việt Nam,38,unknown,Asia,4,4.779668920135089
"Siro Fitobimbi Broncamil hỗ trợ làm mát họng, dịu họng, thông thoáng đường hô hấp (200ml)","Hô hấp, ho, xoang",Siro,320000.0,122,Ý,41,unknown,Europe,4,4.937359135106531
"Sữa Nghệ Tumeric Gold Dr. Celine giảm đau dạ dày - tá tràng, chống oxy hóa, thải độc đẹp da (400g)",Sữa,Dạng bột,364000.0,166,Việt Nam,38,unknown,Asia,5,4.946381086673863
"Viên uống Gokiny Solé Pharm bổ sung các amino acid cho cơ thể, tăng cường sức khỏe (6 vỉ x 10 viên)","Tăng sức đề kháng, miễn dịch",Viên nang cứng,990000.0,391,Latvia,15,unknown,Europe,4,4.971163851746385
"Bột pha uống Safvex 3g Pastuer Institute bổ sung chất xơ và vi khuẩn, hỗ trợ nhuận tràng, giảm táo bón (30 gói)",Táo bón,Dạng bột,4600.0,85,Việt Nam,38,unknown,Asia,8,3.987015804597701
Viên uống Kim Thính Á Âu hỗ trợ tăng cường sức khỏe thính giác (2 lọ x 90 viên),Cải thiện tăng cường chức năng,Viên nén,1200000.0,474,Việt Nam,38,unknown,Asia,4,4.993928572705539
"Dung dịch Black ElderBerry Cold And Flu Forte 100ml Brauer hỗ trợ giảm các triệu chứng ho, sổ mũi do cảm","Hô hấp, ho, xoang",Dung dịch,276000.0,51,Úc,40,unknown,Other,4,4.933075057762018
"Hỗn dịch uống Enterogermina Gut Defense Sanofi tăng cường tiêu hóa, hỗ trợ bảo vệ đường ruột","Dạ dày, tá tràng",Hỗn dịch uống,165000.0,379,Pháp,41,unknown,Europe,4,4.871947570619866
"Bột Optibac Babies and Children Optibac Probiotics bổ sung lợi khuẩn cho đường ruột, hỗ trợ tiêu hóa (30 gói)",Hỗ trợ tiêu hóa,Dạng bột,370300.0,208,Anh,41,unknown,Europe,8,4.896066035201345
"Dung dịch Baby Drops 10ml Optibac Probiotics bổ sung lợi khuẩn cho đường ruột, hỗ trợ tiêu hóa",Hỗ trợ tiêu hóa,Dung dịch,490000.0,208,Anh,41,unknown,Europe,8,4.948637330739185
"Viên uống Living Healthy Calcium 600mg Plus Vitamin D 500IU hỗ trợ phát triển xương, răng (60 viên)",Cơ xương khớp,Viên nén,379000.0,215,Úc,40,unknown,Other,4,4.937113143360079
"Viên uống Vitabiotics Feroglobin Fizz giúp cơ thể tăng tạo máu, tăng năng lượng, giảm mệt mỏi (20 viên)","Tăng sức đề kháng, miễn dịch",Viên sủi,222950.0,458,Anh,0,unknown,Europe,4,4.923640598024158
Viên uống NattoEnzym DHA EPA DHG Pharma hỗ trợ giảm nguy cơ đột quỵ do huyết khối (60 viên),Thần kinh não,Viên nang cứng,460000.0,77,Việt Nam,38,unknown,Asia,14,4.918350503204866
Viên uống NattoEnzym DHA EPA DHG Pharma hỗ trợ giảm nguy cơ đột quỵ do huyết khối (2 vỉ x 10 viên),Thần kinh não,Viên nang cứng,165000.0,77,Việt Nam,38,unknown,Asia,14,4.936186715852083
"Viên nang tảo Mozuku Fucoidan Nozomi chống oxy hóa, hỗ trợ tăng cường miễn dịch (150 viên)","Tăng sức đề kháng, miễn dịch",Viên nang,960000.0,208,Nhật Bản,22,unknown,Asia,4,4.8411904531730725
"Thực phẩm bảo vệ sức khỏe Condition Multi Kolmar Hỗ trợ tăng cường sức khỏe, giảm mệt mỏi (90viên)",Vitamin & Khoáng chất,Viên nén,306000.0,210,Hàn Quốc,11,unknown,Asia,15,4.94928642537984
"Thực phẩm bảo vệ sức khỏe Condition Joint Kolmar bổ sung dưỡng chất cho khớp, mô sụn khớp (90 viên)",Cơ xương khớp,Viên nén,357000.0,210,Hàn Quốc,11,unknown,Asia,4,4.9465673265216275
"Viên uống An Bảo Gold Nam Dược hỗ trợ thanh nhiệt giải độc gan, giảm mụn nhọt (30 viên)",Chức năng gan,Viên nang,68000.0,274,Việt Nam,38,unknown,Asia,4,4.942251604993872
"Viên uống Novodia Novocare hỗ trợ ổn định đường huyết, giảm biến chứng tim mạch (2 vỉ x 15 viên)",Hỗ trợ điều trị tiểu đường,Viên nang mềm,185000.0,267,Việt Nam,38,unknown,Asia,4,4.9481835919277755
"Thực phẩm bảo vệ sức khỏe Magne-Fer Suvéal Densmore bổ sung magie, vitamin B6 và sắt cho cơ thể (2 vỉ x 15 viên x 37g)",Vitamin tổng hợp,Viên nén,9900.0,89,Pháp,18,unknown,Europe,15,4.3005997076023394
Sữa bột Nepro 1 Vita Dairy giảm protein dành cho người bệnh thận có urê huyết tăng (900g),Sữa,Dạng bột,513000.0,444,Việt Nam,38,unknown,Asia,5,4.9614385574895445
"Viên uống Novocardi Novocare hỗ trợ giảm nguy cơ xơ vữa động mạch, bảo vệ thành mạch (30 viên)",Sức khoẻ tim mạch,Viên nang mềm,6833.0,267,Việt Nam,38,unknown,Asia,13,4.88608680064827
"Viên uống Tabofina Traphaco hỗ trợ nhuận tràng, giảm nguy cơ táo bón (3 vỉ x 10 viên)","Dạ dày, tá tràng",Viên nang cứng,59000.0,416,Việt Nam,38,unknown,Asia,4,4.894781777237771
"Siro Immunix3 Children 150ml Otosan hỗ trợ tăng cường đề kháng, tăng cường sức khỏe","Tăng sức đề kháng, miễn dịch",Siro,295000.0,322,Ý,41,unknown,Europe,4,4.937567135673277
"Viên uống Cebraton Premium Traphaco bổ sung vitamin cho não bộ, tăng tuần hoàn máu não (30 viên)",Tuần hoàn máu,Viên nang mềm,290000.0,416,Việt Nam,38,unknown,Asia,4,4.941289342383703
"Viên uống Livaform Luca Pharma MPC hỗ trợ giải độc gan, giúp tăng cường chức năng gan (6 vỉ x 10 viên)",Chức năng gan,Viên nén,585000.0,208,Úc,40,unknown,Other,4,4.9654682118028335
Viên uống MT-safliva Ultra hỗ trợ sức đề kháng cho cơ thể (60 viên),"Tăng sức đề kháng, miễn dịch",Viên nang,887000.0,6,Hoa Kỳ,7,unknown,America,4,4.911886887236661
Gel tắm Auvi Nature AV24 Skin Repair Treatment giúp cung cấp độ ẩm cho da (50g),Da,Viên nén,345000.0,31,Úc,40,unknown,Other,4,4.88458910755892
Gel tắm Auvi Nature AV24 Sensitive Skin Cleanser giúp làm sạch da và dưỡng ẩm (250ml),Da,Nhũ tương (Gel),350000.0,31,Úc,40,unknown,Other,4,4.9282751331275545
"Sữa bột Pedia Gold Dr. Celine kích thích ăn ngon miệng, tăng đề kháng cho trẻ từ 1 đến 10 tuổi (900g)",Sữa,Dạng bột,669000.0,166,Việt Nam,38,unknown,Asia,5,4.957277967650859
"Sữa bột Pedia Gold Dr. Celine kích thích ăn ngon miệng, tăng đề kháng cho trẻ từ 1 đến 10 tuổi (400g)",Sữa,Dạng bột,334000.0,166,Việt Nam,38,unknown,Asia,5,4.924347398620951
"Viên nang cứng Mạch Vành Win Win Thái Dương cải thiện tuần hoàn máu, tăng lưu thông khí huyết ( 2 vỉ x 15 viên)",Sức khoẻ tim mạch,Viên nang cứng,180000.0,381,Việt Nam,38,unknown,Asia,13,4.947989603317474
Viên uống Albuglucan Pharmaxx INC hỗ trợ tăng cường sức đề kháng (6 vỉ x 10 viên),"Tăng sức đề kháng, miễn dịch",Viên nang cứng,1200000.0,208,Việt Nam,7,unknown,America,4,4.96699880538429
"Viên uống Goldream IMC hỗ trợ ngủ ngon, giảm căng thẳng (20 viên)",Hỗ trợ giấc ngủ ngon,Viên nang,184000.0,186,Việt Nam,38,unknown,Asia,14,4.927930582538615
Viên uống TĐCare Meracine giúp hạ đường huyết và cholesterol (60 viên),Hỗ trợ điều trị tiểu đường,Viên nang,143000.0,208,Việt Nam,38,unknown,Asia,4,4.924289596683852
"Viên thìa canh Giảo Cổ Lam giúp hạ đường huyết, giảm cholesterol và lipid trong máu cao (3 vỉ x 10 viên)",Hỗ trợ điều trị tiểu đường,Viên nang,98000.0,481,Việt Nam,38,unknown,Asia,4,4.7422149961342335
"Siro Hobezut Vinacare giảm các triệu chứng ho, cảm (110ml)","Hô hấp, ho, xoang",Dung dịch,51000.0,452,Việt Nam,38,unknown,Asia,4,4.906413288281924
Viên uống Car-Q 100 Dankos bổ sung acid amin L-carnitin và Coenzym Q10 cho cơ thể (3 vỉ x 10 viên),Sức khoẻ tim mạch,Viên nén bao phim,306000.0,82,Indonesia,13,unknown,Asia,13,4.960291161381758
"Viên uống Vững Cốt Vinh Gia hỗ trợ giảm loãng xương, giúp xương chắc khỏe dẻo dai (2 vỉ x 10 viên)",Cơ xương khớp,Viên nén,181000.0,455,Việt Nam,38,unknown,Asia,4,4.89906138127623
Tinh Nghệ Vàng Curmin Powder Forny bảo vệ và tái tạo niêm mạc dạ dày (100g),Cải thiện tăng cường chức năng,Dạng bột,153000.0,128,Việt Nam,38,unknown,Asia,4,4.939563610082692
"Tỏi Đen Kochi NB giúp chống oxy hóa, nâng cao sức khỏe cho cơ thể (150g)",Cải thiện tăng cường chức năng,Viên nhai,153000.0,429,Nhật Bản,38,unknown,Asia,4,4.905837060443772
"Siro Pharmaton Kiddi Syrup 100ml Sanofi bổ sung Lysin, calci và một số vitamin","Tăng sức đề kháng, miễn dịch",Siro,143200.0,379,Pháp,40,unknown,Other,4,4.944227270765326
"Bột pha uống Gosin-Fos 5g Medvie bổ sung chất xơ, hỗ trợ giảm triệu chứng táo bón (30 gói)","Tăng sức đề kháng, miễn dịch",Dạng bột,214000.0,208,Việt Nam,38,unknown,Asia,4,4.9414882813240855
Viên ngậm Biogaia Prodentis Lozenges For Gums And Teeth vị bạc hà hỗ trợ bảo vệ sức khỏe răng lợi (3 vỉ x 10 viên),Hỗ trợ làm đẹp,Viên nén,495000.0,46,Thụy Điển,4,unknown,Europe,7,4.343493724233423
"Dung dịch uống Novofido Drops 15ml Novocare hỗ trợ bổ sung lợi khuẩn, cải thiện hệ vi sinh đường ruột",Vi sinh - Probiotic,Dung dịch,185000.0,267,Việt Nam,38,unknown,Asia,8,4.910444786449512
"Viên uống Lutin 5mg Sucs hỗ trợ tăng cường thị lực, giảm nguy cơ đục thủy tinh thể, thoái hóa điểm vàng","Bổ mắt, bảo vệ mắt",Viên nén,175000.0,374,Việt Nam,38,unknown,Asia,4,4.951121144028688
"Dung dịch Nordic Naturals Baby's Vitamin D3 bổ sung Vitamin D, tăng cường hấp thu canxi vào xương (22.5ml)",Bổ sung Canxi & Vitamin D,Dung dịch uống,645000.0,266,Hoa Kỳ,7,unknown,America,15,4.947352663424347
"Viên nang mềm Nordic Naturals Children's DHA Strawberry Flavor tăng cường sức đề kháng, tốt cho não bộ (180 viên)",Bổ não - cải thiện trí nhớ,Viên nang mềm,1110000.0,266,Hoa Kỳ,7,unknown,America,4,4.94425309555023
"Viên uống Novotane Softcap Novocare bổ sung các thành phần dưỡng chất cho mắt DHA, EPA, Vitamin A (2 vỉ x 15 viên)","Bổ mắt, bảo vệ mắt",Viên nang mềm,165000.0,267,Việt Nam,38,unknown,Asia,4,4.94644431415938
"Viên uống Habos Kapseln Sanct Bernhard tăng tiết dịch nhờn cho khớp, hỗ trợ tái tạo mô sụn khớp (60 viên)",Cơ xương khớp,Viên nang mềm,595000.0,369,Đức,43,unknown,Europe,4,4.934111579279686
"Sữa Dr. Celine Newborn IQ giúp tăng cường hệ miễn dịch, tăng sức đề kháng cho bé từ 0 đến 12 tháng tuổi  (900g)",Sữa,Dạng bột,594000.0,166,Việt Nam,38,unknown,Asia,5,4.948084129396687
Men vi sinh Brauer Baby Kids Immune Defence Probiotic giúp làm giảm sự xuất hiện của các triệu chứng viêm đường hô hấp trên ở trẻ (30 gói),"Hô hấp, ho, xoang",Viên nén,540000.0,51,Úc,40,unknown,Other,4,4.982733379324455
Sữa bột Neomil Nepro 400g Nafaco dùng cho người bệnh đái tháo đường,Sữa,Dạng bột,350000.0,208,Việt Nam,38,unknown,Asia,5,4.9745753507233195
"Dung dịch uống NovoSmart Drops 20ml Novocare bổ sung DHA, EPA, phát triển não bộ","Tăng sức đề kháng, miễn dịch",Dung dịch,185000.0,267,Việt Nam,38,unknown,Asia,4,4.9481835919277755
"Viên uống Rexal Forte Lustrel hỗ trợ kháng viêm, giảm phù nề, sưng tấy do chấn thương (2 vỉ x 15 viên)","Hô hấp, ho, xoang",Viên nén,205000.0,216,Pháp,23,unknown,Europe,4,4.855225361288962
"Viên uống Livertin-EP Novarex bổ sung vitamin B1, B6, B12, niacin, canxi pantothenat cho cơ thể (10 vỉ x 10 viên)",Chức năng gan,Viên nang mềm,450000.0,304,Hàn Quốc,11,unknown,Asia,4,4.9261173967165846
"Viên uống Kidimam + DHA NP Pharma bổ sung vitamin, khoáng chất, DHA, EPA (5 vỉ x 12 viên)",Vitamin tổng hợp,Viên nén,420000.0,268,Ba Lan,1,unknown,Europe,15,4.919792810401825
"Viên uống Eyevite Sucs hỗ trợ chống oxy hóa, tăng cường thị lực (3 vỉ x 10 viên)","Bổ mắt, bảo vệ mắt",Viên nang mềm,198000.0,374,Việt Nam,38,unknown,Asia,4,4.943876113731257
Sữa bột Dr.Celine Newborn IQ giúp tăng cường hệ miễn dịch cho trẻ từ 0 đến 12 tháng tuổi (400g),Sữa,Dạng bột,297000.0,166,Việt Nam,38,unknown,Asia,5,4.955216289309606
"Sữa Nutren Junior Nestlé bổ sung Omega-3, chất xơ, kẽm (400g)",Sữa,Dạng bột,322000.0,291,Thụy Sĩ,33,unknown,Europe,5,4.971131080406125
"Viên uống Natapure DHA Phytopharma bổ sung DHA, EPA cho cơ thể (2 vỉ x 15 viên)",Vitamin & Khoáng chất,Viên nang mềm,380000.0,208,Bulgaria,3,unknown,Europe,15,4.935128061448877
"Viên uống Vitamin 3B Plus Meracine bổ sung vitamin B1, B6, B12, acid amin cho cơ thể (10 vỉ x 10 viên)",Vitamin tổng hợp,Viên nang mềm,60000.0,208,Việt Nam,38,unknown,Asia,15,4.9546723471470635
"Men vi sinh Probiotics Bifina Baby 1g Bifina bổ sung lợi khuẩn, giúp hệ vi sinh đường ruột khỏe mạnh (30 gói)",Vi sinh - Probiotic,Dạng bột,424000.0,208,Nhật Bản,22,unknown,Asia,8,4.941168892899868
"Bột pha uống BioticAAD 2.5g Ecologic AAD bổ sung lợi khuẩn đường ruột, giảm rối loạn tiêu hóa (14 gói)","Dạ dày, tá tràng",Dạng bột,330000.0,208,Việt Nam,10,unknown,Europe,4,4.939189147389378
Viên uống Ocean D3K2 Orzax 20ml bổ sung Vitamin D3 và Vitamin K,Vitamin & Khoáng chất,Dung dịch,295000.0,313,Thổ Nhĩ Kỳ,32,unknown,Europe,15,4.301335765648387
"Siro Mac B6 ODO 10ml Odoriko bổ sung magnesi, vitamin B6 (20 ống)",Bổ não - cải thiện trí nhớ,Dung dịch,495000.0,208,Việt Nam,38,unknown,Asia,4,4.974746258504755
Doppelherz Conceptive Men 10g bổ sung vitamin và các vi chất dinh dưỡng hỗ trợ cải thiện sinh lý nam (30 gói),Sinh lý nam,Dạng bột,1815000.0,98,Đức,43,unknown,Europe,11,4.755994761605222
Doppelherz Conceptive Women 10g bổ sung vitamin và các vi chất dinh dưỡng (30 gói),Sinh lý nữ,Dạng bột,1653000.0,98,Đức,43,unknown,Europe,11,4.755994761605222
Viên uống Blackmores Cholesterol Health hỗ trợ giảm cholesterol máu (60 viên),Giảm Cholesterol,Viên nang,548100.0,48,Úc,40,unknown,Other,4,4.981866581090011
Viên uống Vân Mộc Hương Ladophar hỗ trợ giảm các triệu chứng rối loạn tiêu hóa (80 viên),Khó tiêu,Viên nén,18000.0,223,Việt Nam,38,unknown,Asia,8,4.854154795274796
"Bột uống Endokirogen 4g Nutrilinea bổ sung inositol, hỗ trợ sức khỏe cho phụ nữ trước khi mang thai (30 gói)",Vitamin & Khoáng chất,Dạng bột,1040000.0,208,Ý,41,unknown,Europe,15,4.96560356154055
Viên uống High Strength Ginkgo Biloba 2000mg hỗ trợ tăng cường tuần hoàn não (120 viên),Bổ não - cải thiện trí nhớ,Viên nén bao phim,451000.0,286,Úc,40,unknown,Other,4,4.963828782992852
Viên uống Hair Plus Doppelherz Aktiv bổ sung vitamin và khoáng chất (2 vỉ x 15 viên),Tóc,Viên nén,535000.0,98,Việt Nam,43,unknown,Europe,4,4.9807734669155534
Sữa bột Delimil Pedia Plus 400g dinh dưỡng công thức cho trẻ từ 6 - 12 tháng,Sữa,Dạng bột,282000.0,88,Việt Nam,38,unknown,Asia,5,4.95299403312258
Viên uống Zincodin Doppelherz Aktiv bổ sung kẽm và L-histidine (3 vỉ x 10 viên),Bổ sung Kẽm & Magie,Viên nén,216000.0,98,Việt Nam,43,unknown,Europe,15,4.97359545605283
Viên sủi A-Z Fizz Doppelherz Aktiv bổ sung vitamin và khoáng chất (13 viên),Vitamin tổng hợp,Viên sủi,77000.0,98,Đức,43,unknown,Europe,15,4.971798509403759
Viên ngậm Lady Night Đắk Tín hỗ trợ tăng cường nội tiết tố nữ (2 vỉ x 4 viên),Sinh lý nữ,Viên nén,280000.0,483,Việt Nam,38,unknown,Asia,11,4.937596391009207
"Siro Brauer Kids Manuka Honey Chesty Cough hỗ trợ tăng cường sức đề kháng, hạn chế ho nhiều (100ml)","Hô hấp, ho, xoang",Dung dịch,268000.0,51,Úc,40,unknown,Other,4,4.963876738688909
"Viên uống Bổ Phổi AC Á Châu hỗ trợ điều trị viêm phổi, viêm phế quản, ho, tổn thương phổi (30 viên)","Hô hấp, ho, xoang",Viên nang,39000.0,473,Việt Nam,38,unknown,Asia,4,4.921960193577764
"Viên uống Activated Curcumin Clinical Strength hỗ trợ giảm các triệu chứng viêm khớp, thoái hóa khớp (30 viên)",Cơ xương khớp,Viên nén bao phim,505000.0,286,Úc,40,unknown,Other,4,4.9351850168330555
Viên uống Restore Daily Probiotic bổ sung vi khuẩn có lợi hỗ trợ duy trì sức khỏe đường tiêu hóa (28 viên),Vi sinh - Probiotic,Viên nang,401000.0,286,Úc,40,unknown,Other,8,4.916735278376226
Viên nhai Vita Gummies Vitamin D3 1000IU Nature's Way hỗ trợ giúp hấp thu canxi (120 viên),Bổ sung Canxi & Vitamin D,Viên nhai,339000.0,286,Úc,40,unknown,Other,15,4.904550421378688
Viên sủi Enervon Plus Effervescent C.Hedenkamp bổ sung Vitamin và khoáng chất cho cơ thể (10 viên),Vitamin tổng hợp,Viên sủi,71000.0,56,Đức,43,unknown,Europe,15,4.986119006296739
Siro Kinder Immune Doppelherz Aktiv cung cấp các vitamin và khoáng chất (150ml),Vitamin tổng hợp,Siro,389000.0,98,Đức,43,unknown,Europe,15,4.964103583783077
Sữa Anmum hương sô cô la bổ sung dinh dưỡng cho phụ nữ mang thai và cho con bú (400g),Sữa,Dạng bột,224000.0,126,Malaysia,17,unknown,Asia,5,4.911921027287583
Men vi sinh Golden Lab Cell Biotech hỗ trợ cân bằng hệ vi sinh đường ruột (20 gói x 2g),Vi sinh - Probiotic,Dạng bột,190000.0,65,Hàn Quốc,11,unknown,Asia,8,4.898945567154871
Viên uống S MaxMove USV Pharma hỗ trợ giảm đau khớp xương (3 vỉ x 10 viên),Cơ xương khớp,Viên nén,301000.0,441,Hoa Kỳ,7,unknown,America,4,4.751581457725431
"Viên nén Seacan Traphaco bổ sung Canxi, Vitamin K2 và Vitamin D3 (60 viên)",Bổ sung Canxi & Vitamin D,Viên nén bao phim,90000.0,416,Việt Nam,38,unknown,Asia,15,4.91046008286481
Viên uống Keo Ong Xanh Propolis Tracybee bổ sung kháng thể tự nhiên của keo ong (30 viên),"Hô hấp, ho, xoang",Viên nang mềm,175000.0,414,Việt Nam,2,unknown,America,4,4.918588219456937
"Bột thảo mộc Thanh Nhiệt ADC lợi tiểu, mát gan, giảm loét miệng (10 gói x 8g)",Chức năng gan,Dạng bột,40000.0,2,Việt Nam,38,unknown,Asia,4,4.926050392689507
"Viên nhai Nat C Yummy Gummyz bổ sung Vitamin C hằng ngày, giúp tăng cường sức đề kháng (25 túi)",Vitamin C các loại,Viên nhai,115000.0,236,Thái Lan,31,unknown,Asia,15,4.886136084163127
Viên uống Hoạt Huyết Bổ Máu Đại Bắc tăng cường lưu thông máu (2 vỉ x 15 viên),Bổ não - cải thiện trí nhớ,Viên bao phim,77000.0,477,Việt Nam,38,unknown,Asia,4,4.67818210586985
"Dung dịch Ionic Magnesium 400mg hỗ trợ bổ sung các ion vi lượng, giảm stress (118ml)",Bổ sung Kẽm & Magie,Dung dịch,473000.0,413,Hoa Kỳ,7,unknown,America,15,4.979939183708396
Viên uống Sb bổ sung Phytoestrogen dạng Aglycone tăng sinh lý nữ (3 vỉ x 10 viên),Cân bằng nội tiết tố,Viên nang,214000.0,340,Việt Nam,38,unknown,Asia,11,4.811901457316176
"Siro Grow Gold G&P giúp ăn ngon, khắc phục biếng ăn, phát triển chiều cao (20 ống x 10ml)",Hỗ trợ trao đổi chất,Dung dịch,71000.0,132,Việt Nam,38,unknown,Asia,4,4.891070789450888
"Cốm hòa tan Canxi Baby New G&P France chống còi xương, phát triển chiều cao trẻ em (30 gói x 3g)",Bổ sung Canxi & Vitamin D,Cốm,127000.0,132,Việt Nam,38,unknown,Asia,15,4.901264972405175
"Viên uống Khớp An Plus Nanofrance hoạt huyết, mạnh gân xương (2 vỉ x 10 viên)",Cơ xương khớp,Viên nén bao phim,127000.0,279,Việt Nam,38,unknown,Asia,4,4.943851678344831
Viên uống Prostacalm Doppelherz Aktiv ngăn ngừa và hạn chế phát triển của u xơ (30 viên),"Thận, tiền liệt tuyến",Viên nang,349000.0,98,Đức,43,unknown,Europe,4,4.984929909268799
"Sữa bột Ensure Gold Abbott hương vani, ít ngọt, bổ sung dinh dưỡng, vitamin, khoáng chất cho cơ thể (400g)",Sữa,Dạng bột,401000.0,7,Hoa Kỳ,25,unknown,Asia,5,4.99083314396186
Siro Yến Sào Ăn Ngủ Ngon Gold hỗ trợ bồi bổ sức khỏe (120ml),Hỗ trợ giấc ngủ ngon,Dung dịch,69000.0,132,Việt Nam,38,unknown,Asia,14,4.901586818183661
"Viên uống Arginine 500 Gia Nguyễn bổ gan, bảo vệ tế bào gan, tăng cường giải độc của gan (60 viên)",Chức năng gan,Viên nang mềm,160000.0,208,Việt Nam,38,unknown,Asia,4,4.940309690865534
Sữa Similac Alimentum Abbott bổ sung dinh dưỡng cho trẻ dị ứng đạm sữa (400g),Sữa,Dạng bột,348000.0,7,Hoa Kỳ,38,unknown,Asia,5,4.956340313459227
Sữa ColosBaby Vitadairy bổ sung sữa non Mỹ giúp hệ miễn dịch khỏe mạnh (Lốc 4 hộp),Sữa,Dung dịch uống,39600.0,444,Việt Nam,38,unknown,Asia,5,4.94798084042592
"Sữa bột Gluvita Gold Vitadairy bổ sung dinh dưỡng cho người đái tháo đường, tiền đái tháo đường (400g)",Sữa,Dạng bột,276000.0,444,Việt Nam,38,unknown,Asia,5,4.920819234307308
"Viên uống Pulmasol Plus Fuma hỗ trợ giảm ho, giảm đờm (30 viên)","Hô hấp, ho, xoang",Viên nang cứng,185000.0,130,Việt Nam,38,unknown,Asia,4,4.784370430957434
"Viên uống Ferrumplus PharmaLinea bổ sung sắt, acid folic và các vitamin (2 vỉ x 15 viên)",Vitamin tổng hợp,Viên nang,280000.0,208,Việt Nam,27,unknown,Europe,15,4.945711784183736
"Dung dịch Kinder Calciovin Liquid Doppelherz Aktiv bổ sung canxi, magie và các vitamin (200ml)",Vitamin & Khoáng chất,Dung dịch uống,450000.0,98,Đức,43,unknown,Europe,15,4.929238797446459
"Sữa Similac Neosure 370g đặc chế cho trẻ sinh non, nhẹ cân từ 0 - 12 tháng",Sữa,Dạng bột,270000.0,7,Hoa Kỳ,36,unknown,Europe,5,4.912663653206064
Siro Kinder Omega-3 Syrup Doppelherz Aktiv hỗ trợ phát triển não bộ (250ml),Bổ não - cải thiện trí nhớ,Siro,477000.0,98,Việt Nam,43,unknown,Europe,4,4.984004873523941
Sữa bột Similac 3 Abbott bổ sung dinh dưỡng cho trẻ 1 - 2 tuổi (400g),Sữa,Dạng bột,240000.0,7,Hoa Kỳ,7,unknown,America,5,4.966219875877431
Sữa bột Similac 4 Abbott bổ sung dinh dưỡng cho trẻ 2 - 6 tuổi (900g),Sữa,Dạng bột,462000.0,7,Hoa Kỳ,7,unknown,America,5,4.90019615927251
"Thuốc Nady-Dapag 10 Nadyphar điều trị đái tháo đường tuýp 2, kiểm soát đường huyết (3 vỉ x 10 viên)",Hỗ trợ điều trị tiểu đường,Viên nén bao phim,230000.0,272,Việt Nam,38,unknown,Asia,4,4.9620019124066905
"Viên uống Bảo Phế Vương Quang Minh hỗ trợ thanh phế, giảm viêm, giảm đờm, giảm ho (20 viên)","Hô hấp, ho, xoang",Viên nén,230000.0,474,Việt Nam,38,unknown,Asia,4,4.973400898046018
"Sữa nghệ Dr. Celine Turmeric Gold Healthcare hỗ trợ giảm các tác nhân gây đau dạ dày, tá tràng (900g)",Sữa,Dạng bột,230000.0,166,Việt Nam,38,unknown,Asia,5,4.9565566100883105
Viên uống Nga Phụ Khang hỗ trợ giảm tiến triển của u nang buồng trứng (2 lọ x 180 viên),Cân bằng nội tiết tố,Viên nang,230000.0,295,Việt Nam,38,unknown,Asia,11,4.804391472164424
"Viên uống Hồng Mạch Khang hoạt huyết, tăng cường lưu thông máu (3 vỉ x 10 viên)",Bổ não - cải thiện trí nhớ,Viên nén,230000.0,418,Việt Nam,38,unknown,Asia,4,4.96743786691831
"Xịt họng Bổ Phế Nam Hà dịu họng tức thì, giảm ho, long đờm, giảm co thắt (30ml)","Hô hấp, ho, xoang",Dạng xịt,230000.0,275,Việt Nam,38,unknown,Asia,4,4.962185245740024
"Dung dịch Masvitam Magnesium + Vit C + Vic B6 150ml bổ sung Magnesium, Vitamin C và Vitamin B6 cho cơ thể","Tăng sức đề kháng, miễn dịch",Dung dịch,230000.0,208,Tây Ban Nha,36,unknown,Europe,4,4.976872181707692
"Sữa Dr. Celine Newborn IQ Step 3 tăng cường miễn dịch, sức khỏe đường ruột cho trẻ (900g)",Sữa,Dạng bột,230000.0,166,Việt Nam,38,unknown,Asia,5,4.9565566100883105
"Bột dinh dưỡng y học Prother 10g Biodue Spa điều trị giảm khối lượng cơ do suy dinh dưỡng, lão hóa (30 gói)",Cơ xương khớp,Bột,230000.0,208,Ý,41,unknown,Europe,4,4.9600802611281765
Thực phẩm bảo vệ sức khoẻ Cardioace bổ sung vitamin và khoáng chất cần thiết (2 vỉ x 15 viên),Sức khoẻ tim mạch,Viên nén,230000.0,458,Anh,0,unknown,Europe,13,4.974604627380306
"Viên uống Wellman Original Vitabiotics bổ sung vitamin, khoáng chất, hỗ trợ tăng cường sức khỏe cho nam giới (2 vỉ x 15 viên)","Tăng sức đề kháng, miễn dịch",Viên nén,230000.0,458,Anh,0,unknown,Europe,4,4.901857042962185
"Sữa Oral Impact Powder bổ sung dinh dưỡng, tăng cường miễn dịch trước và sau phẫu thuật (5 gói x 74g)",Sữa,Viên nén,230000.0,208,Việt Nam,38,unknown,Asia,5,4.970088794742457
Sữa FontActiv Complete hỗ trợ bổ sung dinh dưỡng cho cơ thể (400g),Sữa,Viên nén,230000.0,208,Tây Ban Nha,36,unknown,Europe,5,4.973364389938707
"Sữa ColosBaby Bio Gold 0+ tăng cường miễn dịch, hỗ trợ tiêu hóa cho trẻ từ 0 - 12 tháng (800g)",Sữa,Dạng bột,230000.0,444,Việt Nam,38,unknown,Asia,5,4.9638175096798225
Viên uống Cudo Forte La Renon hỗ trợ điều trị bệnh thận mạn tính (3 hộp lẻ x 10 viên),"Thận, tiền liệt tuyến",Viên nang,230000.0,219,Ấn Độ,44,unknown,Asia,4,4.826994831672024
"Men vi sinh Tenbimus 10ml Global Pharm bổ sung 10 chủng lợi khuẩn, cải thiện đường ruột",Vi sinh - Probiotic,Dung dịch uống,230000.0,142,Hoa Kỳ,1,unknown,Europe,8,4.490066906911951
"Bột pha Pac-Control C.Hedenkamp giúp lợi tiểu, hỗ trợ giảm nguy cơ viêm đường tiết niệu (10 gói)","Thận, tiền liệt tuyến",Dạng bột,230000.0,56,Đức,43,unknown,Europe,4,4.9443532935485
Viên uống Ckolin Ginkgo Biloba 100mg Kenpharma tăng cường tuần hoàn não (30v),Tuần hoàn máu,Viên nang,230000.0,201,Pháp,23,unknown,Europe,4,4.978843752559847
"Cốm Subạc Á Âu hỗ trợ tăng đề kháng, lành vết thương (15 gói)",Vitamin & Khoáng chất,Cốm pha dung dịch uống,230000.0,474,Việt Nam,38,unknown,Asia,15,4.957889921595178
Viên uống Provibiol Headsup RASI tăng cường tuần hoàn máu não (60 viên),Bổ não - cải thiện trí nhớ,Viên nén,230000.0,208,Hoa Kỳ,7,unknown,America,4,4.950728234570488
"Bột uống Menfelix Hepharco cung cấp các dưỡng chất, hỗ trợ tăng cường sinh lý nam (30 gói)",Sinh lý nam,Viên nén,230000.0,469,Việt Nam,38,unknown,Asia,11,4.967661439370674
Bột Andrositol Plus Lo.li Pharma hỗ trợ tăng cường sức khỏe sinh lý cho nam giới (14 gói),Sinh lý nam,Viên nén,230000.0,208,Ý,41,unknown,Europe,11,4.951944153477182
"Viên uống X7-Care 1600mg Olympian tăng cường tái tạo sụn, hỗ trợ sản sinh chất hoạt dịch cho khớp (60 viên)",Cơ xương khớp,Viên nén,230000.0,208,Việt Nam,7,unknown,America,4,4.950728234570488
Viên uống Ginko-E Plus UBB tăng cường tuần hoàn máu (60 viên),Thần kinh não,Viên nang,230000.0,432,Hoa Kỳ,7,unknown,America,14,4.93954769755123
"Viên uống Sheep Placenta & Collagen Kingphar hỗ trợ làm giảm và mờ vết thâm nám, tàn nhang (60 viên)",Hỗ trợ làm đẹp,Viên nang,230000.0,208,Việt Nam,38,unknown,Asia,7,4.972699598567476
Viên uống Cartiligins UBB giảm đau nhức xương khớp (100 viên),Cơ xương khớp,Viên nang mềm,230000.0,432,Hoa Kỳ,7,unknown,America,4,4.896696584646955
"Viên uống Hair Tonic Rosabela chống rụng tóc, hói đầu (100 viên)",Tóc,Viên nang,230000.0,158,Việt Nam,38,unknown,Asia,4,4.942658449476342
"Cốm hô hấp Bảo Khí Nhi Plus IMC hỗ trợ giảm đờm, ho, khó thở (14 gói)","Hô hấp, ho, xoang",Cốm,230000.0,186,Việt Nam,38,unknown,Asia,4,4.966973437625324
"Viên uống Healthy Joint Plus hỗ trợ giảm các chứng đau do thoái hóa khớp, bổ sung dịch khớp (120 viên)",Cơ xương khớp,Viên nang,230000.0,350,Hoa Kỳ,7,unknown,America,4,4.864694711528684
"Viên uống Minh Thông Vương IMC hỗ trợ giảm xơ vữa động mạch, tai biến (2 vỉ x 10 viên)",Thần kinh não,Viên bao,230000.0,186,Việt Nam,38,unknown,Asia,14,4.9521781736284405
"Viên uống Möller’s Dobbel hỗ trợ lên hệ tim mạch, thần kinh, thị lực (112 viên)","Dầu cá, Omega 3, DHA",Viên nang mềm,230000.0,208,Na Uy,19,unknown,Europe,15,4.923746724144879
Bột pha Oresol Phong Phú Q8 PPI giúp bù nước và chất điện giải (100 gói),Vitamin & Khoáng chất,Dạng bột,230000.0,337,Việt Nam,38,unknown,Asia,15,4.635478044216446
"Siro Codatux Daily ADC bổ sung vitamin C, ngừa và giảm ho, đau rát họng (30 gói)","Hô hấp, ho, xoang",Siro,230000.0,2,Việt Nam,38,unknown,Asia,4,4.847098216813322
"Viên Gout Kingphar giúp bổ thận, lợi tiểu (40 viên)",Hỗ trợ điều trị gout,Viên nén,230000.0,208,Việt Nam,38,unknown,Asia,4,4.973596586511442
"Viên uống Compound Lutein UBB bảo vệ mắt, chống lão hóa, chống ánh sáng xanh (60 viên)","Bổ mắt, bảo vệ mắt",Viên nang mềm,230000.0,432,Hoa Kỳ,7,unknown,America,4,4.896696584646955
"Viên uống Pharhamaxe G2 bổ sung Vitamin, khoáng chất, giúp bổ não tăng cường tuần hoàn não (30 viên)",Bổ não - cải thiện trí nhớ,Viên nang mềm,230000.0,421,Việt Nam,38,unknown,Asia,4,4.953864848518571
Viên uống Sante Lutax 20 bổ sung dưỡng chất thiết yếu giúp đôi mắt sáng (3 vỉ x 10 viên),"Bổ mắt, bảo vệ mắt",Viên nang mềm,230000.0,380,Nhật Bản,22,unknown,Asia,4,4.968013223823989
"Siro Ho Người Lớn FidoPharm giúp thanh phế, giảm ho (90ml)","Hô hấp, ho, xoang",Dung dịch,230000.0,121,Việt Nam,38,unknown,Asia,4,4.940900324173512
"Men vi sinh Kidlac Cell Biotech giúp đường ruột khỏe mạnh, hấp thu tốt hơn (60 gói)",Vi sinh - Probiotic,Viên nén,230000.0,208,Hàn Quốc,11,unknown,Asia,8,4.9638249375782415
Viên uống HP Max Vinacom giảm các tác nhân gây viêm loét dạ dày - tá tràng (5 vỉ x 12 viên),"Dạ dày, tá tràng",Viên nang,230000.0,453,Việt Nam,38,unknown,Asia,4,4.959170632797376
"Viên uống Bepanthen 100mg Smard hỗ trợ giảm rụng tóc, khỏe chân tóc, móng chắc khỏe (2 vỉ x 10 viên)",Tóc,Viên nén,230000.0,389,Việt Nam,43,unknown,Europe,4,4.726487893337265
"Viên ngậm An Phế Khang bổ phế, hỗ trợ trừ ho, long đờm (30g)","Hô hấp, ho, xoang",Viên nén,230000.0,417,Việt Nam,38,unknown,Asia,4,4.967514138104749
Sữa Forticare Nutricia hương cam bổ sung dinh dưỡng cho cơ thể (4 chai x 125ml),Sữa,Viên nén,230000.0,308,Hà Lan,10,unknown,Europe,5,4.887867565698535
"Viên Gai Cốt Linh Chi Vĩnh Xuân hỗ trợ giảm các triệu chứng viêm khớp, đau nhức tay chân (120 viên)",Cơ xương khớp,Viên nén,230000.0,462,Việt Nam,38,unknown,Asia,4,4.975417294205775
Sữa FortiCare Nutricia vị Cappuccino dành cho người bệnh ung thư (4 chai x 125ml),Sữa,Viên nén,230000.0,308,Hà Lan,10,unknown,Europe,5,4.887867565698535
Siro PQA dùng cho người hen suyễn (125ml),"Hô hấp, ho, xoang",Dung dịch,230000.0,327,Việt Nam,38,unknown,Asia,4,4.921361994279445
Viên uống Heliocare Purewhite Radiance Max 240 làm sáng và ngăn ngừa lão hóa da (60 viên),Da,Viên nang,230000.0,208,Tây Ban Nha,36,unknown,Europe,4,4.976872181707692
"Viên uống Lipid Cleanz IMC hỗ trợ giảm cholesterol trong máu, giảm nguy cơ xơ vữa động mạch (3 vỉ x 10 viên)",Sức khoẻ tim mạch,Viên nén,230000.0,186,Việt Nam,38,unknown,Asia,13,4.958480511203074
"Viên Dầu Gấc PV hỗ trợ giúp làm sáng mắt, giảm khô mắt, mờ mắt, quáng gà (100 viên)","Bổ mắt, bảo vệ mắt",Viên nang mềm,230000.0,342,Việt Nam,38,unknown,Asia,4,4.790315105472424
"Siro Pediakid Colicillus Bébé làm cân bằng hệ vi khuẩn tiêu hóa, tăng khả năng hấp thu thức ăn (10ml)",Vi sinh - Probiotic,Dung dịch,230000.0,330,Pháp,23,unknown,Europe,8,4.925754270422481
Bột pha Aminoleban Oral hỗ trợ bệnh nhân suy gan (10 gói x 50g),Chức năng gan,Dạng bọt,230000.0,397,Việt Nam,31,unknown,Asia,4,4.939934358833155
"Dung dịch Pedia Iron Drop giúp bổ sung sắt, bổ máu (30ml)",Bổ sung Sắt & Axit Folic,Dung dịch,230000.0,42,Hoa Kỳ,7,unknown,America,15,4.90252455941302
"Viên Nattokinase Jintan hỗ trợ điều trị tai biến, đột quỵ (60 gói)",Sức khoẻ tim mạch,Viên nén,230000.0,194,Nhật Bản,22,unknown,Asia,13,4.983877935711302
"Dung dịch uống Special Kid Nervosite 125ml Eric Favre an thần, thư giãn thần kinh, giảm căng thẳng, lo âu",Thần kinh não,Dung dịch,230000.0,108,Pháp,23,unknown,Europe,14,4.979726632882468
"Viên uống Ginkmixton Q10 New hoạt huyết dưỡng não, giảm đau đầu (3 vỉ x 10 viên)",Bổ não - cải thiện trí nhớ,Viên nén,230000.0,208,Việt Nam,38,unknown,Asia,4,4.973596586511442
"Viên uống Bách Thống Vương hỗ trợ giảm đau, tiêu sưng trong các chứng đau đầu (3 vỉ x 10 viên)",Sinh lý nữ,Viên nén,230000.0,356,Việt Nam,38,unknown,Asia,11,4.740710794023254
"Viên uống Albuminvit 500mg Armephaco hỗ trợ, tăng cường chức năng gan (30 viên)",Chức năng gan,Viên nén,230000.0,28,Việt Nam,38,unknown,Asia,4,4.685780660249681
Bột Inotir Pharmarte hỗ trợ tăng khả năng mang thai tự nhiên (20 gói x 3g),Sinh lý - Nội tiết tố,Dạng bột,230000.0,333,Ý,41,unknown,Europe,11,4.616276268825278
"Dung dịch An Hầu Đan Kids hỗ trợ điều trị ho khan, ho có đờm, ho do cảm lạnh cho trẻ (2 vỉ x 5 ống x 10ml)","Hô hấp, ho, xoang",Dung dịch,230000.0,209,Việt Nam,38,unknown,Asia,4,4.973936320254402
"Men vi sinh Lackid Novarex bổ sung vi khuẩn có ích, vitamin, khoáng chất thiết yếu (30 gói x 3g)",Vi sinh - Probiotic,Viên nén,230000.0,208,Hàn Quốc,11,unknown,Asia,8,4.9638249375782415
"Thuốc cốm Cinatrol Agimexpharm hỗ trợ điều trị chứng khó tiêu, trẻ sơ sinh ọc sữa (10 gói x 1,6g)",Khó tiêu,Cốm,230000.0,14,Việt Nam,38,unknown,Asia,8,4.9211092254828674
"Viên uống Go Celery 16,000 hỗ trợ giảm uric acid, giảm triệu chứng sưng, đau do gout (60 viên)",Hỗ trợ điều trị gout,Viên nén,230000.0,208,Việt Nam,21,unknown,Other,4,4.982950573492076
Viên uống KosaeKing E 300mg Dolexphar tăng cường tuần hoàn não (10 vỉ x 10 viên),Thần kinh não,Viên nang mềm,230000.0,95,Việt Nam,38,unknown,Asia,14,4.736272465674357
"Dung dịch xịt họng Dimao Baby Valens bổ sung vitamin D3, hỗ trợ phát triển chiều cao (25ml)",Bổ sung Canxi & Vitamin D,Viên nén,230000.0,442,Slovenia,27,unknown,Europe,15,4.900278252908234
Men vi sinh Fermentix Phyto Garda tăng cường tiêu hóa (12 lọ x 10ml),Vi sinh - Probiotic,Viên nén,230000.0,208,Việt Nam,41,unknown,Europe,8,4.936445492436058
"Hỗn dịch Calcium Kalxis X2 Viviphaco giảm còi xương, phát triển tốt chiều cao (20 gói x 10ml)",Bổ sung Canxi & Vitamin D,Hỗn dịch,230000.0,461,Việt Nam,38,unknown,Asia,15,4.955589921595178
"Siro Vitatroplex Sanford Pharma kích thích ăn ngon, tăng cường cường hấp thu dưỡng chất (100ml)",Hỗ trợ tiêu hóa,Dung dịch,230000.0,378,Việt Nam,38,unknown,Asia,8,4.85839134978944
Siro Nuzolex Chân Tâm bổ sung Vitamin và khoáng chất (120ml),Vitamin & Khoáng chất,Viên nén,230000.0,208,Việt Nam,38,unknown,Asia,15,4.978076773699381
"Viên uống Tamamino Tâm Minh bổ sung vitamin, tăng sức đề kháng (3 vỉ x 10 viên)",Cải thiện tăng cường chức năng,Viên nang mềm,230000.0,208,Việt Nam,38,unknown,Asia,4,4.973596586511442
"Siro Vitemix Bimbi Concentrato Fluido Pharmalife bổ sung các Vitamin, Canxi cho cơ thể (200ml)",Vitamin tổng hợp,Dung dịch,230000.0,332,Ý,41,unknown,Europe,15,4.68890299676575
"Dung dịch uống Actisô hỗ trợ giải độc, mát gan (10 ống x 10ml)",Chức năng gan,Dung dịch,230000.0,93,Việt Nam,38,unknown,Asia,4,4.969361517473111
Viên uống Eyelight Daily DHG ngăn lão hóa mắt (3 vỉ x 10 viên),"Bổ mắt, bảo vệ mắt",Viên nén,230000.0,93,Việt Nam,38,unknown,Asia,4,4.969361517473111
"Viên uống Erekton Ultra Olimp hỗ trợ tăng tiết testosterone, tăng cường sức khỏe sinh lý nam giới (2 vỉ x 15 viên)",Sức khoẻ tình dục,Viên nén,230000.0,208,Việt Nam,1,unknown,Europe,11,4.938858871097947
Viên uống Venocap Plus Nature Gift LLC hỗ trợ tăng cường sức bền thành mạch (60 viên),Suy giãn tĩnh mạch,Viên nang,230000.0,282,Hoa Kỳ,7,unknown,America,4,4.9282288056232515
"Siro Boganic Kid 100ml Traphaco thanh nhiệt tiêu độc, mát gan, sinh tân dịch, lương huyết","Tăng sức đề kháng, miễn dịch",Viên nén,230000.0,416,Việt Nam,38,unknown,Asia,4,4.967514138104749
"Sữa Boost Optimum Nestlé bổ sung vitamin, khoáng chất cho cơ thể (400g)",Sữa,Dạng bột,230000.0,291,Thụy Sĩ,33,unknown,Europe,5,4.959067731468665
Viên uống Natlipiz MEGA We care duy trì nồng độ cholesterol tốt trong máu (3 vỉ x 10 viên),Giảm Cholesterol,Viên nang mềm,230000.0,236,Thái Lan,31,unknown,Asia,4,4.979173232549804
Sữa PediaSure Abbott hương vani bổ sung dinh dưỡng cho bé từ 1-10 tuổi (237ml),Sữa,Viên nén,230000.0,7,Hoa Kỳ,7,unknown,America,5,4.981561861091141
"Viên uống Hoạt Huyết Cikan Anvy bền mạch, bổ tim, dưỡng não (4 vỉ x 10 viên)",Thần kinh não,Viên nén bao phim,230000.0,208,Việt Nam,38,unknown,Asia,14,4.974350380459529
"Viên uống Chela-Calcium D3 280mg Olimp Labs bổ sung canxi và vitamin D3, giảm nguy cơ loãng xương (30 viên)",Bổ sung Canxi & Vitamin D,Viên nang,230000.0,315,Ba Lan,1,unknown,Europe,15,4.9351659491806945
"Viên ngậm Zecuf Herbal Drops Sugar Free bổ phế, giảm ho (5 vỉ x 4 viên)","Hô hấp, ho, xoang",Viên nén,230000.0,436,Ấn Độ,44,unknown,Asia,4,4.510348578939659
"Dung dịch uống Avisure D3-MK7 Drops 800IU/45mcg Phương Đông bổ sung vitamin D3, vitamin K2 cho cơ thể (20ml)",Bổ sung Canxi & Vitamin D,Dung dịch,230000.0,344,Việt Nam,38,unknown,Asia,15,4.579950625936619
"Dung dịch uống Avisure DHA Smart Kid 20ml Phương Đông hỗ trợ phát triển não bộ, thị lực cho trẻ",Bổ não - cải thiện trí nhớ,Dung dịch,230000.0,344,Việt Nam,38,unknown,Asia,4,4.867859980287339
"NQV-Daily SG Tusa Pharma giúp chống oxy hoá, chống gốc tự do, hạn chế lão hoá (3 vỉ x 10 viên)",Da,Viên nén,230000.0,420,Hoa Kỳ,37,unknown,America,4,4.955683156332439
Viên uống Estriona Menopause Vinta Pharma hỗ trợ hạn chế lão hóa và cải thiện nếp nhăn (60 viên),Sinh lý - Nội tiết tố,Viên nang,230000.0,456,Úc,40,unknown,Other,11,4.939273956528037
"Viên uống NattoEnzym 1000 DHG tan cục máu đông trong lòng mạch, tăng tuần hoàn máu (60 Viên)",Thần kinh não,Viên nén,230000.0,208,Việt Nam,38,unknown,Asia,14,4.974350380459529
"Viên nang Kal Glu-Ts Medicure tăng cường sức đề kháng, hệ miễn dịch và chống lão hóa (3 vỉ x 10 viên)",Da,Viên nang,230000.0,247,Thổ Nhĩ Kỳ,32,unknown,Europe,4,4.967748696426707
"Viên uống Vis Plus Hải Dương cung cấp dinh dưỡng cho mắt, tăng cường tuần hoàn máu não (3 vỉ x 10 viên)","Bổ mắt, bảo vệ mắt",Viên nén,230000.0,180,Việt Nam,38,unknown,Asia,4,4.971210218685587
"Viên uống Vitamin C 50mg bổ sung vitamin C, hỗ trợ tăng cường sức đề kháng (100 viên)",Vitamin C các loại,Viên nén,230000.0,480,Việt Nam,38,unknown,Asia,15,4.9566485422848325
Viên tăng lực nhân sâm tỏi đen ZBull Fast HDpharma bồi bổ sức khỏe (4 vỉ x 15 viên),"Tăng sức đề kháng, miễn dịch",Viên nén,230000.0,208,Việt Nam,38,unknown,Asia,4,4.973596586511442
"Dung dịch Keovon Spray Valens 25ml bổ sung vitamin K2, hỗ trợ hấp thu canxi vào xương","Tăng sức đề kháng, miễn dịch",Viên nén,230000.0,442,Slovenia,27,unknown,Europe,4,4.866209528662668
Dung dịch uống Special Mum Iron & Vitamins Eric Favre bổ sung sắt và vitamin (20 gói),Vitamin & Khoáng chất,Dung dịch,230000.0,108,Việt Nam,23,unknown,Europe,15,4.964827103646846
Viên nang cứng Dưỡng khớp Thái Minh giúp giảm nguy cơ thoái hóa khớp (2 vỉ x 10 viên),Cơ xương khớp,Viên nang cứng,230000.0,407,Việt Nam,38,unknown,Asia,4,4.959014580946872
"Viên uống CumarGold Daily CVI Pharma bảo vệ niêm mạc dạ dày, ruột (2 vỉ x 10 viên)",Vi sinh - Probiotic,Viên nang mềm,230000.0,64,Việt Nam,38,unknown,Asia,8,4.899743184391983
"Siro Nhuận Phế Hoàng Kingphar hỗ trợ giảm ho, giảm đờm (125ml)","Hô hấp, ho, xoang",Dung dịch,230000.0,208,Việt Nam,38,unknown,Asia,4,4.973596586511442
Bào tử lợi khuẩn Livespo Spobio Sos hỗ trợ làm giảm tiêu chảy cấp (10 ống x 5 ml),Vi sinh - Probiotic,Dung dịch,230000.0,228,Việt Nam,38,unknown,Asia,8,4.801458937701874
"Viên uống Special Mum Breastfeeding Eric Favre bổ sung các vitamin, khoáng chất (4 vỉ x 15 viên)",Cải thiện tăng cường chức năng,Dung dịch,230000.0,108,Pháp,23,unknown,Europe,4,4.973841107768331
"Viên uống Special Mum Grossesse Eric Favre bổ sung các vitamin, khoáng chất (4 vỉ x 15 viên)",Vitamin & Khoáng chất,Viên nén,230000.0,108,Pháp,23,unknown,Europe,15,4.964827103646846
"Viên uống An Dạ Kingphar hỗ trợ giảm chứng đau rát vùng thượng vị, xung huyết hang vị (40 viên)",Hỗ trợ tiêu hóa,Viên nén bao phim,230000.0,208,Việt Nam,38,unknown,Asia,8,4.964505893897957
"Siro Special Kid Nez & Gorge hỗ trợ giảm viêm họng, viêm phế quản (125ml)","Hô hấp, ho, xoang",Dung dịch,230000.0,108,Pháp,23,unknown,Europe,4,4.973841107768331
Siro MorningKids Multivitamin Bổ sung Vitamin và khoáng chất (125ml),Vitamin tổng hợp,Dung dịch,230000.0,259,Ý,41,unknown,Europe,15,4.88329174697972
"Viên uống Memoren Kingphar giúp tăng cường tuần hoàn não, giảm đau đầu (6 vỉ x 10 viên)",Kiểm soát căng thẳng,Viên nén,230000.0,208,Việt Nam,38,unknown,Asia,14,4.974350380459529
Viên uống Shark Cartilage Pharmekal giúp phục hồi và tái tạo mô sụn khớp (100 viên),Cơ xương khớp,Viên nang,230000.0,336,Hoa Kỳ,7,unknown,America,4,4.924538239557037
Viên uống Multivitamin New Nordic bổ sung Vitamin và khoáng chất hỗ trợ tăng cường sức khỏe (3 vỉ x 30 viên),Vitamin tổng hợp,Viên nang mềm,230000.0,265,Thụy Điển,34,unknown,Europe,15,4.8135981823622584
Viên uống Triple Strength Glucosamine 7 in 1 1500mg Pharmekal bổ sung dịch nhờn cho khớp (60 viên),Cơ xương khớp,Viên nén,230000.0,336,Hoa Kỳ,7,unknown,America,4,4.924538239557037
Viên uống Shark Cartilage Pharmekal giúp phục hồi và tái tạo mô sụn khớp (60 viên),Cơ xương khớp,Viên nang,230000.0,336,Hoa Kỳ,7,unknown,America,4,4.924538239557037
"Viên nén Super Albumin Nuhealth tăng cường chức năng gan do dùng thuốc, bia rượu (100 viên)",Chức năng gan,Viên nén,230000.0,307,Hoa Kỳ,7,unknown,America,4,4.922103451580986
"Combo Keo Ong Propolis Mint Honey Tracybee 30ml giúp giảm đau, viêm họng, ho do nhiễm khuẩn","Hô hấp, ho, xoang",Dạng xịt,230000.0,414,Việt Nam,2,unknown,America,4,4.924809756321102
"Combo Keo Ong Propolis Tutti Frutti Honey For Kids 30ml Tracybee giảm đau, viêm họng, ho do nhiễm khuẩn","Tăng sức đề kháng, miễn dịch",Dạng xịt,230000.0,414,Việt Nam,2,unknown,America,4,4.924809756321102
"Men vi sinh BioGastro IBS Biovagen bổ sung vi khuẩn có lợi, cân bằng hệ vi sinh đường ruột (30 viên)",Vi sinh - Probiotic,Viên nang,230000.0,208,Việt Nam,5,unknown,America,8,4.720392818835507
"Siro Bổ Phế Nam Hà XC giảm ho, giảm đờm, đau rát họng, khàn tiếng do viêm họng (125ml)","Hô hấp, ho, xoang",Siro,230000.0,275,Việt Nam,38,unknown,Asia,4,4.962185245740024
"Viên uống Suvéal Magne-Fer Densmore bổ sung magie, vitamin B6 và sắt cho cơ thể (3 vỉ x 10 viên x 37g)",Vitamin & Khoáng chất,Viên nén,230000.0,89,Pháp,18,unknown,Europe,15,4.897582424880364
"Cao hỗn hợp Zhealth NanoFrance hỗ trợ bổ phế, tăng cường sức đề kháng (2 vỉ x 5 ống x 10ml)","Hô hấp, ho, xoang",Viên nén,230000.0,279,Pháp,38,unknown,Asia,4,4.962185245740024
Dung dịch B12 Energy Max bổ sung acid amin và vitamin B12 cho cơ thể (10ml),Vitamin & Khoáng chất,Dung dịch,230000.0,367,Ý,41,unknown,Europe,15,4.76577476319584
"Nước uống Collagen JpanWell bổ sung dưỡng chất cho da, giảm nhăn da, khô da (10 lọ x 50ml)",Da,Viên nén,230000.0,198,Việt Nam,22,unknown,Asia,4,4.979978886309314
Viên uống T.Đ Kingphar dùng cho người bị tiểu đường (40 viên),Hỗ trợ điều trị tiểu đường,Viên nén bao phim,230000.0,208,Việt Nam,38,unknown,Asia,4,4.973596586511442
"Viên uống Diệp Hạ Châu Kingphar tăng cường chức năng gan, bảo vệ tế bào gan (40 viên)",Chức năng gan,Viên nén,230000.0,208,Việt Nam,38,unknown,Asia,4,4.973596586511442
Viên uống Strep Biomin Gold Hdpharma duy trì hệ vi sinh đường ruột (50 viên),Vi sinh - Probiotic,Viên nang,230000.0,163,Việt Nam,38,unknown,Asia,8,4.969441519303124
Viên hộ gan Kingphar giúp tăng cường chức năng giải độc gan (60 viên),Chức năng gan,Viên nén,230000.0,208,Việt Nam,38,unknown,Asia,4,4.973596586511442
Viên uống Joint Soother UBB hỗ trợ tái tạo sụn và chất nhờn ở các đầu khớp xương (100 viên),Cơ xương khớp,Viên nang,230000.0,432,Hoa Kỳ,7,unknown,America,4,4.896696584646955
"Viên uống Tĩnh Mạch Kingphar hỗ trợ giảm nguy cơ chứng giãn, viêm tắc tĩnh mạch (3 vỉ x 10 viên)",Suy giãn tĩnh mạch,Viên nén,230000.0,208,Việt Nam,38,unknown,Asia,4,4.973596586511442
"Viên uống Memoren Kingphar giúp tăng cường tuần hoàn não, giảm đau đầu (3 vỉ x 10 viên)",Kiểm soát căng thẳng,Viên nén,230000.0,208,Việt Nam,38,unknown,Asia,14,4.974350380459529
Viên uống Ka-Man Kingphar tăng cường sinh lý nam (40 viên),Sinh lý nam,Viên nén bao phim,230000.0,208,Việt Nam,38,unknown,Asia,11,4.933530111430528
"Dung dịch Glucosamine & Chondroitin Pharmekal phòng ngừa và giảm thoái hóa khớp, viêm khớp (946ml)",Cơ xương khớp,Dung dịch,230000.0,336,Hoa Kỳ,7,unknown,America,4,4.924538239557037
Dung dịch Venus charge Collagen 20000 Josephine bổ sung collagen (10 chai x 50ml),Da,Dung dịch,230000.0,197,Nhật Bản,38,unknown,Asia,4,4.966671436970139
"Viên Dầu Cá Alaska Omega 3 6 9 giúp phát triển não bộ, tăng thị lực mắt (100 viên)","Dầu cá, Omega 3, DHA",Viên nang mềm,230000.0,346,Hoa Kỳ,7,unknown,America,15,4.879880143126711
Viên uống Belle Hair Doppelherz Aktiv bổ sung các vitamin và khoáng chất (3 vỉ x 10 viên),Tóc,Viên nén,230000.0,98,Đức,38,unknown,Asia,4,4.820278184139777
"Viên uống Lasenvon Hulipha hỗ trợ dưỡng tâm, an thần, ngủ ngon (60 viên)",Hỗ trợ giấc ngủ ngon,Viên nang,230000.0,177,Việt Nam,38,unknown,Asia,14,4.92541822655899
"Viên Xương Khớp Cây Đa Thái Dương tăng tiết dịch khớp, giảm đau nhức xương khớp (10 gói)",Cơ xương khớp,Hoàn cứng,230000.0,381,Việt Nam,38,unknown,Asia,4,4.962988375278718
Viên uống Hoàng Tiên Đan hỗ trợ giảm acid uric đối với bệnh nhân gout (60 viên),Hỗ trợ điều trị gout,Viên nang,230000.0,208,Việt Nam,38,unknown,Asia,4,4.973596586511442
"Viên uống Nasalis PP.Pharco hỗ trợ điều trị viêm xoang mũi mãn tính, viêm đa xoang (60 viên)","Hô hấp, ho, xoang",Viên bao,230000.0,439,Việt Nam,38,unknown,Asia,4,4.954662415429918
Viên uống Tĩnh Mạch Khang Phương Đông giúp tăng tính bền vững của thành mạch máu (3 vỉ x 10 viên),Suy giãn tĩnh mạch,Viên nang,230000.0,344,Việt Nam,38,unknown,Asia,4,4.867859980287339
"Viên uống Co-CELL Type II Collagen Complex Nuhealth ngừa thoái hóa khớp, cải thiện vận động khớp (90 viên)",Cơ xương khớp,Viên nang,230000.0,307,Hoa Kỳ,7,unknown,America,4,4.922103451580986
Viên uống Hyalob tăng tính đàn hồi của sụn khớp (60 viên),Cơ xương khớp,Viên nang,230000.0,208,Hoa Kỳ,7,unknown,America,4,4.950728234570488
"Viên uống Vị An GPharm giúp giảm đau dạ dày, tá tràng (30 viên)","Dạ dày, tá tràng",Viên nén,230000.0,147,Việt Nam,38,unknown,Asia,4,2.5858898907895407
Cốm bổ mắt Kid Eye hỗ trợ tăng cường thị lực (20 gói x 3g),"Bổ mắt, bảo vệ mắt",Cốm,230000.0,208,Việt Nam,38,unknown,Asia,4,4.973596586511442
Viên uống Jex Max Ecogreen hỗ trợ giảm đau xương khớp cấp tính và mãn tính (30 viên),Cơ xương khớp,Viên nang,230000.0,112,Hoa Kỳ,7,unknown,America,4,4.941184944320242
Viên uống An Mạch Ích Nhân Nam Dược hỗ trợ hạ mỡ máu (50 viên),Sức khoẻ tim mạch,Viên nang,230000.0,274,Việt Nam,38,unknown,Asia,13,4.919901046325836
Viên uống MamaNatal bổ sung dinh dưỡng cho phụ nữ mang thai (3 vỉ x 10 viên),Dinh dưỡng,Viên nang cứng,230000.0,240,Hoa Kỳ,7,unknown,America,5,4.930992836374062
"Viên uống Natural Ben Zincus 50mg bổ sung kẽm, hỗ trợ chức năng của tuyến tiền liệt (100 viên)","Thận, tiền liệt tuyến",Viên nén,230000.0,107,Hoa Kỳ,7,unknown,America,4,4.9573699571231185
Viên uống Tê Nhức Chân Tay Bảo Nguyên tăng cường lưu thông khí huyết (3 vỉ x 10 viên),Cơ xương khớp,Viên nang,230000.0,55,Việt Nam,38,unknown,Asia,4,4.941014217805506
"Viên uống Vinaho Thái Dương bổ phế, hỗ trợ làm giảm các chứng ho (100ml)","Hô hấp, ho, xoang",Viên nén,230000.0,381,Việt Nam,38,unknown,Asia,4,4.962988375278718
Viên uống OTiV Ecogreen giúp tăng cường dưỡng chất cho não (15 viên),Bổ não - cải thiện trí nhớ,Viên nang,230000.0,112,Hoa Kỳ,7,unknown,America,4,4.941184944320242
Viên uống Bình Vị Nam Phương Hóa Dược hỗ trợ điều trị viêm loét dạ dày và tá tràng (3 vỉ x 10 viên),Hỗ trợ tiêu hóa,Viên nén,230000.0,179,Việt Nam,38,unknown,Asia,8,4.965376461118441
"Viên uống Hoa Thiên bổ máu, tăng cường hoạt huyết (30 viên)",Cân bằng nội tiết tố,Viên nén,230000.0,172,Việt Nam,38,unknown,Asia,11,4.653210222311451
"Viên uống Hạ Hồi Đơn HDpharma hỗ trợ hạ huyết áp, tăng sức bền thành mạch (60 viên)",Sức khoẻ tim mạch,Viên nén,230000.0,208,Việt Nam,38,unknown,Asia,13,4.967637213414787
"Viên uống CumarGold Nano Curcumin CVI Pharma giảm tác nhân gây ung bướu, viêm loét dạ dày (3 vỉ x 10 viên)","Dạ dày, tá tràng",Viên nang,230000.0,64,Việt Nam,38,unknown,Asia,4,4.910400763717144
"Viên uống Nghệ Micell Adiva hỗ trợ điều trị viêm loét dạ dày, giúp giảm tổn thương niêm mạc dạ dày (30 viên)","Dạ dày, tá tràng",Viên nén,230000.0,3,Việt Nam,38,unknown,Asia,4,4.846098216813322
"Viên uống Maca #6 Old Truths giúp tăng cường chức năng thận, tăng năng lượng (60 viên)",Sinh lý nam,Viên nén,230000.0,208,Việt Nam,7,unknown,America,11,4.95293247800917
"Viên uống An Phụ Khang An Châu giảm các triệu chứng u nang buồng trứng, u xơ tử cung (60 viên)",Cân bằng nội tiết tố,Viên nang,230000.0,22,Việt Nam,38,unknown,Asia,11,4.753618797020164
Viên uống Đào Hồng Đơn Venus Nafaco hỗ trợ cải thiện thiếu hụt nội tiết tố nữ (30 viên),Cân bằng nội tiết tố,Viên nang,230000.0,208,Việt Nam,38,unknown,Asia,11,4.933530111430528
"Viên uống Hamomax DK Pharma hỗ trợ hạ mỡ máu, bền thành mạch (30 viên)",Giảm Cholesterol,Viên nang,230000.0,79,Việt Nam,38,unknown,Asia,4,4.951939566253598
Viên uống Tuệ Đức Hoàn Nguyên Vị hỗ trợ giảm trào ngược dạ dày thực quản (2 vỉ x 10 viên),"Dạ dày, tá tràng",Viên nén bao phim,230000.0,422,Việt Nam,38,unknown,Asia,4,4.958998852238638
"Viên uống Niệu Bảo Lohha tăng cường giải độc, lợi tiểu (2 vỉ x 10 viên)","Thận, tiền liệt tuyến",Viên nén,230000.0,229,Việt Nam,38,unknown,Asia,4,4.968736608604738
"Viên uống Liquid Calcium Nu-Health bổ sung canxi, vitamin D cần thiết cho cơ thể (160 viên)",Bổ sung Canxi & Vitamin D,Viên nang mềm,230000.0,307,Hoa Kỳ,7,unknown,America,15,4.934565876327025
"Bột hòa tan Rocket Thái Dương giúp bổ khí huyết, bổ thận, tráng dương (10 gói)",Sinh lý nam,Dạng bột,230000.0,381,Việt Nam,38,unknown,Asia,11,4.698636602263454
"Tảo viên Beauty Spirulina tăng sức đề kháng, chống táo bón (550 viên)","Tăng sức đề kháng, miễn dịch",Viên nén,230000.0,17,Nhật Bản,22,unknown,Asia,4,4.886149852460665
"Viên uống Tràng Bát Vị Codanbe Kingphar dùng cho người bị đại tràng co thắt, viêm đại tràng (40 viên)",Đại tràng,Viên nén,230000.0,208,Việt Nam,38,unknown,Asia,8,4.964505893897957
"Viên nang Xích Thố Vương Gia Nguyễn bổ thận, tráng dương, tăng cường sinh lực (2 vỉ x 10 viên)",Sinh lý nam,Viên nang,230000.0,141,Việt Nam,38,unknown,Asia,11,4.792882035921888
Viên uống Vitamin E Mediplantex bổ sung vitamin E cho cơ thể (10 vỉ x 10 viên),Vitamin E các loại,Viên nang mềm,230000.0,251,Việt Nam,38,unknown,Asia,15,4.829349179860916
"Viên uống Pine Power Gold giúp tăng tuần hoàn máu, thông huyết mạch (100 viên)",Giảm Cholesterol,Viên nang,230000.0,208,Hàn Quốc,11,unknown,Asia,4,4.916419748952389
Viên uống Phariton TV.Pharm bổ sung vitamin và khoáng chất (6 vỉ x 10 viên),Vitamin & Khoáng chất,Viên nang mềm,230000.0,423,Việt Nam,38,unknown,Asia,15,4.9084196855884805
Viên sủi Myvita Vitamin C SPM vị chanh bổ sung Vitamin C (20 viên),Vitamin C các loại,Viên sủi,230000.0,368,Việt Nam,38,unknown,Asia,15,4.742123105092008
Men vi sinh Lacclean Gold Lab điều trị rối loạn đường ruột do bệnh lý hoặc kháng sinh kéo dài (30 gói),Vi sinh - Probiotic,Viên nén,230000.0,65,Hàn Quốc,11,unknown,Asia,8,4.9341583386914385
Viên uống Biolacto Robinson Pharma USA bổ sung lợi khuẩn giúp cân bằng hệ vi sinh đường ruột (100 viên),Vi sinh - Probiotic,Viên nang cứng,230000.0,208,Việt Nam,38,unknown,Asia,8,4.964505893897957
"Siro Toploan New Jpanwell bổ sung vitamin, axit amin (10 chai x 30ml)","Tăng sức đề kháng, miễn dịch",Dung dịch,230000.0,198,Nhật Bản,22,unknown,Asia,4,4.979978886309314
Viên uống Naturenz DHG hỗ trợ giải độc gan (10 vỉ x 10 viên),Chức năng gan,Viên nang cứng,230000.0,93,Việt Nam,38,unknown,Asia,4,4.969361517473111
Viên uống Định Áp Vương IMC hỗ trợ làm giảm lipid máu (3 vỉ x 10 viên),Cải thiện tăng cường chức năng,Viên nén,230000.0,208,Việt Nam,38,unknown,Asia,4,4.973596586511442
"Viên khớp Bách Xà giảm đau, giảm viêm, mạnh gân cốt (3 vỉ x 10 viên)",Cơ xương khớp,Viên nang,230000.0,274,Việt Nam,38,unknown,Asia,4,4.953394769549548
"Viên uống An Trí Khang An Châu hoạt huyết, giảm xơ vữa động mạch (3 vỉ x 10 viên)",Cải thiện tăng cường chức năng,Viên nang,230000.0,22,Việt Nam,38,unknown,Asia,4,4.649461493715972
"Viên uống Hoàn Nguyên Vị HP Tuệ Đức hỗ trợ các trường hợp viêm loét dạ dày, tá tràng (2 vỉ x 10 viên)","Dạ dày, tá tràng",Viên nén,230000.0,422,Việt Nam,38,unknown,Asia,4,4.958998852238638
"Viên uống Plus Min USA Power Nutritional hỗ trợ bảo vệ, phục hồi, giảm đau xương khớp (100 viên)",Cơ xương khớp,Viên nén,230000.0,347,Hoa Kỳ,7,unknown,America,4,4.849452931791009
"Men vi sinh Live Probiotics Himita bổ sung lợi khuẩn, cân bằng hệ vi sinh đường ruột (30 gói)",Vi sinh - Probiotic,Viên nén,230000.0,208,Hàn Quốc,11,unknown,Asia,8,4.9638249375782415
Viên uống Hair Plus Doppelherz Aktiv bổ sung một số vitamin và khoáng chất (3 vỉ x 10 viên),Hỗ trợ làm đẹp,Viên nén,230000.0,98,Việt Nam,43,unknown,Europe,7,4.772915102896431
"Viên tinh dầu tỏi Garlic Essential Oil UBB hỗ trợ ngừa cảm cúm, ăn không tiêu (100 viên)",Sức khoẻ tim mạch,Viên nang mềm,230000.0,432,Hoa Kỳ,7,unknown,America,13,4.965282032567179
Viên uống Tamlan Health Functional Pine Oil tăng cường chức năng gan (100 viên),Chức năng gan,Viên nang,230000.0,426,Việt Nam,38,unknown,Asia,4,4.963750368634121
Viên xương khớp Khương Thảo Đan hỗ trợ làm trơn khớp và phục hồi sụn khớp (30 viên),Cơ xương khớp,Viên nang,230000.0,407,Việt Nam,38,unknown,Asia,4,4.959014580946872
"Cốm Unikids Kẽm DHG bổ sung kẽm, khoáng chất giúp hấp thu và tiêu hóa tốt (50g)",Bổ sung Kẽm & Magie,Cốm,230000.0,93,Việt Nam,38,unknown,Asia,15,4.810881707747558
"Cốm vi sinh Oviotic Traphaco bổ sung lợi khuẩn cho đường tiêu hóa, cung cấp 9 vitamin (20 gói)",Vi sinh - Probiotic,Cốm,230000.0,416,Việt Nam,38,unknown,Asia,8,4.838198103498843
"Viên uống Cota Xoang Amepro tăng lưu thông phế khí trong cơ thể, thông mũi xoang (3 vỉ x 10 viên)","Hô hấp, ho, xoang",Viên nang cứng,230000.0,21,Việt Nam,38,unknown,Asia,4,4.798393339557758
"Siro Yến Sào Ăn Ngủ Ngon Hải Linh bồi bổ cơ thể, dưỡng tâm, an thần (4 vỉ x 5 ống x 10ml)",Hỗ trợ giấc ngủ ngon,Dung dịch,230000.0,181,Việt Nam,38,unknown,Asia,14,4.961900946737362
"Bột uống Dạ Dày Nam Dược hỗ trợ điều trị viêm loét dạ dày, tá tràng (12 gói)","Dạ dày, tá tràng",Viên nén,230000.0,274,Việt Nam,38,unknown,Asia,4,4.953394769549548
"Viên nén Xích Thố Vương Gia Nguyễn bổ thận, tráng dương, tăng cường sinh lực (60 viên)",Sức khoẻ tình dục,Viên nén,230000.0,141,Việt Nam,38,unknown,Asia,11,4.792882035921888
Viên uống Bedipanten 100mg Mediphar bổ sung vitamin B5 cho cơ thể (2 vỉ x 10 viên),Hỗ trợ làm đẹp,Viên nén,230000.0,249,Pháp,38,unknown,Asia,7,4.874047747299615
"Cốm Lợi Sữa Tasuamum Hadu Pharma hỗ trợ lợi sữa, giúp tăng tiết sữa (20 túi)",Cải thiện tăng cường chức năng,Cốm,230000.0,159,Việt Nam,38,unknown,Asia,4,4.945039401857294
"Siro Ho Kim Sâm Khí An Medistar giúp bổ phối, giảm rát họng (120ml)","Hô hấp, ho, xoang",Siro,230000.0,252,Việt Nam,38,unknown,Asia,4,4.9489333595427984
"Viên uống Antri Nano Plus CVI Pharma hỗ trợ điều trị trĩ, giảm táo bón (3 vỉ x 10 viên)",Hỗ trợ điều trị trĩ,Viên nén,230000.0,64,Việt Nam,38,unknown,Asia,9,4.729615941909879
"Viên uống An Não Vương USA Pharma tăng cường trí nhớ, tập trung trí tuệ (30 viên)",Thần kinh não,Viên nén,230000.0,439,Việt Nam,38,unknown,Asia,14,4.803559193597961
"Dung dịch uống Bee Juvit hỗ trợ tăng cường tiêu hóa, ăn ngon miệng (4 vỉ x 5 ống x 10ml)",Hỗ trợ trao đổi chất,Dung dịch,230000.0,208,Việt Nam,38,unknown,Asia,4,4.973596586511442
Siro Bone Power ChildLife Plus tăng cường sự phát triển chiều cao và độ chắc của xương (474ml),Bổ sung Canxi & Vitamin D,Siro,230000.0,69,Hoa Kỳ,7,unknown,America,15,4.906440197565156
Viên uống Thanh Áp Đan IPHA giúp hạ và ổn định huyết áp (3 vỉ x 10 viên),Sức khoẻ tim mạch,Viên nang cứng,230000.0,188,Việt Nam,38,unknown,Asia,13,4.949581415771144
"Viên nén Xukoda Hoàng Thăng Long giúp tăng tiết dịch khớp, hỗ trợ giảm tình trạng đau khớp (3 vỉ x 10 viên)",Cơ xương khớp,Viên nén,230000.0,176,Việt Nam,38,unknown,Asia,4,4.961210218685586
"Siro PediaKid Oméga 3 bổ sung Omega 3, DHA tự nhiên và các loại Vitamin (125ml)","Dầu cá, Omega 3, DHA",Dung dịch,230000.0,330,Pháp,23,unknown,Europe,15,4.88254268446696
Viên uống Natocare CMPS bổ sung dưỡng chất cho bà bầu (3 vỉ x 10 viên),Vitamin & Khoáng chất,Viên nang mềm,230000.0,208,Úc,40,unknown,Other,15,4.976979216769051
Viên uống LIC giúp kiểm soát cân năng và giảm cân hiệu quả (60 viên),Hỗ trợ giảm cân,Viên nang cứng,230000.0,112,Hoa Kỳ,7,unknown,America,9,4.8960299280602655
"Siro Pediakid Nez-Gorge giúp làm sạch, thông thoáng đường mũi họng (125ml)","Hô hấp, ho, xoang",Dung dịch,230000.0,330,Pháp,38,unknown,Asia,4,4.91814763179855
"Dung dịch Pedia Poly-Vite Drops bổ sung Vitamin, giúp tăng khả năng hấp thu (50ml)",Vitamin & Khoáng chất,Dung dịch,230000.0,36,Hoa Kỳ,7,unknown,America,15,4.89952455941302
"Viên uống Dầu Gấc Tuệ Linh hỗ trợ bảo vệ sức khỏe đôi mắt, tăng cường thị lực (100 viên)","Bổ mắt, bảo vệ mắt",Viên nang mềm,230000.0,421,Việt Nam,38,unknown,Asia,4,4.953864848518571
Viên uống Rotuven 300 Garden State Nutritionals điều trị suy giãn tĩnh mạch chân (60 viên),Suy giãn tĩnh mạch,Viên nang,230000.0,138,Hoa Kỳ,7,unknown,America,4,4.876913381933634
"Viên uống Vinaho Thái Dương bổ phế, hỗ trợ làm giảm các chứng ho (20ml)","Hô hấp, ho, xoang",Dung dịch,230000.0,208,Việt Nam,38,unknown,Asia,4,4.973596586511442
Viên tiểu đêm cho người cao tuổi TidiCaps HDPHARMA phòng và làm giảm các chứng u xơ tiền liệt tuyến lành tính (100 viên),"Thận, tiền liệt tuyến",Viên nén,230000.0,163,Việt Nam,38,unknown,Asia,4,4.965039401857294
Bột pha Oresol BéBé Pharco giúp bù nước và bổ sung chất điện giải (40 gói x 5.6g),Hỗ trợ tiêu hóa,Viên nén,230000.0,208,Việt Nam,38,unknown,Asia,8,4.964505893897957
"Viên sủi Multi-OPC bổ sung Vitamin, tăng sức đề kháng (20 viên)",Vitamin tổng hợp,Viên sủi,230000.0,317,Việt Nam,38,unknown,Asia,15,4.718025891596937
"Viên uống Magnum Cramp Zdrovit hỗ trợ hoạt động của cơ và hệ thần kinh, chống co cơ (50 viên)",Cơ xương khớp,Viên bao,230000.0,467,Phần Lan,1,unknown,Europe,4,4.892789792380308
"Siro ăn ngon Íchnhi Nam Dược bổ sung vi chất dinh dưỡng, cải thiện chứng biếng ăn cho trẻ (100ml)","Tăng sức đề kháng, miễn dịch",Siro,230000.0,274,Việt Nam,38,unknown,Asia,4,4.953394769549548
"Viên uống Hoàng Thấp Linh hỗ trợ điều trị và phòng ngừa viêm khớp, viêm đa khớp dạng thấp (3 vỉ x 10 viên)",Cơ xương khớp,Viên nang,230000.0,474,Việt Nam,38,unknown,Asia,4,4.973400898046018
Viên uống Biolacto Robinson Pharma USA bổ sung lợi khuẩn giúp cân bằng hệ vi sinh đường ruột (10 vỉ x 10 viên),Vi sinh - Probiotic,Viên nang cứng,230000.0,208,Việt Nam,38,unknown,Asia,8,4.964505893897957
"Siro Hobezut Vinacare giảm các triệu chứng ho, cảm (20 gói x 5ml)",Cải thiện tăng cường chức năng,Viên nén,230000.0,208,Việt Nam,38,unknown,Asia,4,4.973596586511442
"Dung dịch uống Bee Juvit hỗ trợ răng, xương phát triển chắc khỏe (4 vỉ x 5 ống x 10ml)",Bổ sung Canxi & Vitamin D,Dung dịch,230000.0,208,Việt Nam,38,unknown,Asia,15,4.978076773699381
"Bột Tinh Lá Sen Tươi OB giúp giảm mỡ máu, giảm gan nhiễm mỡ (75g)",Giảm Cholesterol,Dạng bột,230000.0,300,Việt Nam,38,unknown,Asia,4,4.799555892334003
Viên uống Hoạt Huyết Dưỡng Não Abipha tăng cường tuần hoàn não (5 vỉ x 10 viên),Bổ não - cải thiện trí nhớ,Viên nang mềm,230000.0,8,Việt Nam,38,unknown,Asia,4,4.857114585961092
"Viên uống Cadumarin Fort Mediphar bổ gan, bảo vệ tế bào gan (10 vỉ x 10 viên)",Chức năng gan,Viên nén,230000.0,249,Pháp,38,unknown,Asia,4,4.950208650878418
"Viên uống Đại Tràng Bảo Nguyên hỗ trợ làm giảm đi ngoài phân sống, tiêu chảy (5 vỉ x 10 viên)",Đại tràng,Viên nang,230000.0,55,Việt Nam,38,unknown,Asia,8,4.963980119166328
"Viên uống Curmin Lead Softgel hỗ trợ giảm triệu chứng viêm loét dạ dày, hành tá tràng (30 viên)","Dạ dày, tá tràng",Viên nang mềm,230000.0,344,Việt Nam,38,unknown,Asia,4,4.867859980287339
Viên uống Tràng Phục Linh Thái Minh hỗ trợ cho viêm đại tràng (2 vỉ x 10 viên),Đại tràng,Viên nén,230000.0,407,Việt Nam,38,unknown,Asia,8,4.628172609494373
Viên uống Tuệ Linh Plus tăng cường chức năng giải độc gan (3 vỉ x 10 viên),Chức năng gan,Viên nén,230000.0,421,Việt Nam,38,unknown,Asia,4,4.953864848518571
"Viên uống Ginkgo Gold Plus An Hưng giảm đau nửa đầu, suy giảm trí nhớ (30 viên)",Thần kinh não,Viên nang,230000.0,208,Việt Nam,38,unknown,Asia,14,4.974350380459529
"Viên uống Kim Tiền Thảo Râu Mèo DHG Pharma điều trị sỏi thận, sỏi bàng quang (100 viên)",Hỗ trợ điều trị,Viên nén bao đường,230000.0,93,Việt Nam,38,unknown,Asia,9,4.696414978525658
"Siro Chỉ Huyết PQA hỗ trợ điều trị đổ máu cam, đi ngoài ra máu, đi tiểu ra máu (125ml)",Cải thiện tăng cường chức năng,Siro,230000.0,327,Việt Nam,38,unknown,Asia,4,4.921361994279445
"Viên hoàn cứng Hoa Nhũ Khang Thái Dương bổ khí huyết, điều hòa kinh nguyệt (20 gói x 6.3g)",Cân bằng nội tiết tố,Dạng bột,230000.0,381,Việt Nam,38,unknown,Asia,11,4.698636602263454
Dung dịch uống Bee Juvit thanh nhiệt mát gan (4 vỉ x 5 ống x 10ml),Chức năng gan,Dung dịch,230000.0,63,Việt Nam,38,unknown,Asia,4,4.923046299086298
"Viên uống The Fucoidan Waki giúp tăng cường, hỗ trợ nâng cao miễn dịch cho cơ thể (90 viên)",Hỗ trợ điều trị ung thư,Viên nang,230000.0,129,Nhật Bản,22,unknown,Asia,9,4.896142334514485
Siro Immuno Bimbi Concentrato Fluido Pharmalife hỗ trợ tăng cường chức năng miễn dịch (200ml),"Tăng sức đề kháng, miễn dịch",Dung dịch,230000.0,332,Ý,41,unknown,Europe,4,4.877181560395841
"Viên uống Ginkgo 2500 With DHA VitaHealth hỗ trợ chức năng não bộ, tăng cường khả năng ghi nhớ (60 viên)","Dầu cá, Omega 3, DHA",Viên nang mềm,230000.0,457,Hoa Kỳ,7,unknown,America,15,4.925923802893783
Viên uống Ginkgo Natto With Coenzym Q10 New USA bổ sung dưỡng chất cho não (10 vỉ x 10 viên),Cải thiện tăng cường chức năng,Viên nang mềm,230000.0,237,Việt Nam,38,unknown,Asia,4,4.960853129109011
"Viên uống Marilyn Genivida giúp cải thiện sinh lý nữ, làm chậm quá trình mãn kinh (30 viên)",Sinh lý - Nội tiết tố,Viên nang mềm,230000.0,175,Việt Nam,38,unknown,Asia,11,4.822042607215553
Viên nén Pygeum Tiền Liệt Tuyến Kingphar hỗ trợ giảm tăng sinh (3 vỉ x 10 viên),"Thận, tiền liệt tuyến",Viên nén,230000.0,208,Việt Nam,38,unknown,Asia,4,4.973596586511442
"Viên sủi Dizzo Pineapple Reliv giúp ăn ngon miệng hơn, tăng cường chuyển hóa (12 vỉ x 4 viên)",Hỗ trợ tiêu hóa,Viên sủi,230000.0,208,Ấn Độ,44,unknown,Asia,8,4.908900196229824
Viên uống Ultra Memore Plus Vitamins For Life hỗ trợ tăng cường hoạt động tuần hoàn não (60 viên),Bổ não - cải thiện trí nhớ,Viên nén,230000.0,459,Hoa Kỳ,7,unknown,America,4,4.900452464122916
"Viên uống Saphraton SamSam hỗ trợ bổ sức khỏe, giảm mệt mỏi (2 vỉ x 10 viên)",Cải thiện tăng cường chức năng,Viên nang mềm,230000.0,377,Việt Nam,38,unknown,Asia,4,4.959910319393509
Viên uống Fitohelp Martinez Nieto S.A bổ sung estrogen và cân bằng nội tiết tố nữ (2 vỉ x 15 viên),Sinh lý - Nội tiết tố,Viên nang mềm,230000.0,241,Tây Ban Nha,36,unknown,Europe,11,4.5484399497090156
"Siro Broncamil Pharmalife hỗ trợ giảm ho do viêm họng, viêm phế quản (200ml)","Hô hấp, ho, xoang",Dung dịch,230000.0,332,Ý,38,unknown,Asia,4,4.908223103496663
"Tỏi Đen Kochi NB giúp chống oxy hóa, nâng cao sức khỏe cho cơ thể (36g)",Giảm Cholesterol,Viên nén,230000.0,429,Nhật Bản,38,unknown,Asia,4,4.9506066186341195
Bột hòa tan Profiber Tanida bổ sung chất xơ giúp ngăn ngừa táo bón (20 gói x 6g),Vi sinh - Probiotic,Viên nén,230000.0,398,Việt Nam,38,unknown,Asia,8,4.743204907601904
Viên uống Taurine Vita 500mg OPC hỗ trợ hoàn thiện chức năng thần kinh của não và mắt (30 viên),Thần kinh não,Viên nén,230000.0,317,Việt Nam,38,unknown,Asia,14,4.688831255586255
"Sữa bột Mama Sữa Non Colostrum New A0 Gold nâng cao sức đề kháng, giúp trẻ phát triển khỏe mạnh (20 gói x 6g)",Sữa,Viên nén,230000.0,132,Việt Nam,38,unknown,Asia,5,4.683031652016416
Viên uống Helaf DHG thanh nhiệt giải độc cho cơ thể (10 vỉ x 5 viên),Chức năng gan,Viên nang mềm,230000.0,93,Việt Nam,38,unknown,Asia,4,4.969361517473111
"Viên uống Ladorax Usmedical bổ sung chất chống oxy hóa, giúp da sáng mịn (2 vỉ x 10 viên)",Da,Viên nang mềm,230000.0,472,Việt Nam,38,unknown,Asia,4,4.943400898046018
Cốm Dona Canxinano D&K Đông Nam Á hỗ trợ phát triển chiều cao tối ưu (30 gói x 3g),Bổ sung Canxi & Vitamin D,Viên nén,230000.0,475,Việt Nam,38,unknown,Asia,15,4.958148542284833
Dung dịch Pedia D - Vite Drops bổ sung Vitamin D3 giúp phát triển xương răng (30ml),Bổ sung Canxi & Vitamin D,Dung dịch,230000.0,208,Hoa Kỳ,7,unknown,America,15,4.9179914397018845
Viên uống Pulmasol Fuma hỗ trợ cải thiện chức năng hô hấp (3 vỉ x 10 viên),"Hô hấp, ho, xoang",Viên nén,230000.0,130,Việt Nam,38,unknown,Asia,4,4.830221741007371
Siro Kinder Multivitamin Syrup with L-Lysine Doppelherz Aktiv bổ sung vitamin và khoáng chất (100ml),Vitamin tổng hợp,Viên nén,230000.0,98,Đức,43,unknown,Europe,15,4.795688481417958
"Viên uống Vitamin A-D Phúc Vinh hỗ trợ điều trị còi xương, suy dinh dưỡng (10 vỉ x 10 viên)",Vitamin & Khoáng chất,Viên nén,230000.0,342,Việt Nam,38,unknown,Asia,15,4.554150316339096
"Viên uống Totcos Traphaco bổ khí huyết, mạnh gân cốt (3 vỉ x 10 viên)",Chức năng gan,Viên nén,230000.0,416,Việt Nam,38,unknown,Asia,4,4.967514138104749
Viên sủi MyVita Power SPM hương cam bổ sung Vitamin và khoáng chất (20 viên),"Tăng sức đề kháng, miễn dịch",Viên sủi,230000.0,368,Việt Nam,38,unknown,Asia,4,4.879603436578724
Viên uống Sâm Nhung Tố Nữ Tuệ Linh hỗ trợ tăng cường nội tiết tố nữ (30 viên),Cân bằng nội tiết tố,Viên nén,230000.0,421,Việt Nam,38,unknown,Asia,11,4.928668650021541
"Viên uống Dây Thìa Canh Khang Phú giúp hạ đường huyết, phòng và hỗ trợ điều trị đái tháo đường (3 vỉ x 10 viên)",Hỗ trợ điều trị tiểu đường,Viên nang,230000.0,207,Việt Nam,38,unknown,Asia,4,4.973596586511442
"Viên ngậm ho Viasol húng chanh Vietnat giúp thông cổ, mát họng, làm dịu nhanh cảm giác ngứa rát (100 viên)","Hô hấp, ho, xoang",Viên ngậm dưới lưỡi,230000.0,451,Việt Nam,38,unknown,Asia,4,4.973551301691145
"Siro Forikid TW3 kích thích tiêu hóa, giúp trẻ ăn ngon miệng hơn (125ml)",Cải thiện tăng cường chức năng,Viên nén,230000.0,208,Việt Nam,38,unknown,Asia,4,4.973596586511442
"Viên nén Ostigold 500 DHG bổ khớp bổ sung chất nhầy dịch khớp, hỗ trợ làm trơn khớp (100 viên)",Cơ xương khớp,Viên nén,230000.0,93,Việt Nam,38,unknown,Asia,4,4.969361517473111
"Bột sủi bọt Edoz Kids DHG giảm triệu chứng khó tiêu, đầy hơi (24 gói x 2g)",Khó tiêu,Dạng bột,230000.0,93,Việt Nam,38,unknown,Asia,8,4.891035174627387
Cốm Nhuận Tràng PQA hỗ trợ người bị táo bón (25 gói x 5g),Cải thiện tăng cường chức năng,Viên nén,230000.0,208,Việt Nam,38,unknown,Asia,4,4.973596586511442
Viên sủi Calcium Ca + Vitamin D3 Swiss Energy hỗ trợ xương và răng phát triển khỏe mạnh (20 viên),Bổ sung Sắt & Axit Folic,Viên sủi,230000.0,395,Thụy Sĩ,3,unknown,Europe,15,4.91466410080876
Viên nhai Bio-Acimin Chew Gia Nguyễn giúp bổ sung lợi khuẩn và vi chất (60 viên),Vi sinh - Probiotic,Viên nhai,230000.0,141,Việt Nam,38,unknown,Asia,8,4.661287524069093
"Viên uống Gluta-Medi Medisun chống lão hóa, giảm sạm nám da (6 vỉ x 5 viên)",Da,Viên nang,230000.0,253,Việt Nam,38,unknown,Asia,4,4.956733359542798
Viên uống Go Co-Q10 160mg hỗ trợ giảm quá trình lão hóa tim mạch (30 viên),Sức khoẻ tim mạch,Viên nang,230000.0,144,New Zealand,21,unknown,Other,13,4.845500368019551
"Viên uống Globifer Plus Zentrale bổ sung sắt, axit folic và haemoglobin cho cơ thể (2 Vỉ x 20 Viên)",Bổ sung Sắt & Axit Folic,Viên nén,230000.0,208,Đức,43,unknown,Europe,15,4.982425253398546
"Viên uống Optica CMPS chống oxy hóa mắt, tăng cường thị giác (3 vỉ x 10 viên)","Bổ mắt, bảo vệ mắt",Viên bao,230000.0,208,Úc,40,unknown,Other,4,4.973822181458277
"Viên uống VinaGout Thái Dương hỗ trợ giảm acid uric, giảm triệu chứng sưng đau do gout (10 vỉ x 6 viên)",Hỗ trợ điều trị gout,Viên nang,230000.0,381,Việt Nam,38,unknown,Asia,4,4.962988375278718
"Viên uống Calcium Plus Puri bổ sung vitamin D, E và khoáng chất, chống oxy hóa (60 viên)",Vitamin & Khoáng chất,Viên nang mềm,230000.0,180,Việt Nam,38,unknown,Asia,15,4.961170019437057
Viên uống Tumolung Á Âu hỗ trợ giúp giảm nguy cơ mắc các khối u (3 vỉ x 10 viên),Cải thiện tăng cường chức năng,Viên nén,230000.0,187,Việt Nam,38,unknown,Asia,4,4.966973437625324
Dung dịch MeQuib 1 hỗ trợ cơ thể tăng cường hấp thu canxi (10ml),Vitamin & Khoáng chất,Viên nén,230000.0,208,Việt Nam,38,unknown,Asia,15,4.978076773699381
"Viên uống Eyelight Ganat DHG phòng ngừa quáng gà, khô giác mạc (3 vỉ x 10 viên)","Bổ mắt, bảo vệ mắt",Viên nén,230000.0,93,Việt Nam,38,unknown,Asia,4,4.969361517473111
Men vi sinh Smebiocta Ipsen bổ sung vi khuẩn có lợi cho hệ tiêu hóa (1 vỉ x 10 viên),Vi sinh - Probiotic,Viên nén,230000.0,191,Pháp,5,unknown,America,8,4.694130020152772
Viên uống Homiginmin Ginseng Phúc Vinh hỗ trợ bổ sung vitamin và khoáng chất (12 vỉ x 5 viên),"Tăng sức đề kháng, miễn dịch",Viên nang mềm,230000.0,342,Việt Nam,38,unknown,Asia,4,4.790315105472424
"Siro ho Helispan Hasan hỗ trợ bổ phế, thông hơi thở, làm ấm đường hô hấp (100ml)","Hô hấp, ho, xoang",Viên nén,230000.0,161,Việt Nam,38,unknown,Asia,4,4.965039401857294
"Gel Forest Napharco giảm các tổn thương dạ dày, tá tràng (20 gói x 12g)","Dạ dày, tá tràng",Viên nén,230000.0,208,Việt Nam,38,unknown,Asia,4,4.973596586511442
"Viên uống Melatonin Nighttime Sleep Aid 6mg Nuhealth giúp điều hòa giấc ngủ, giúp ngủ sâu giấc (60 viên)",Hỗ trợ giấc ngủ ngon,Viên nén,230000.0,307,Hoa Kỳ,7,unknown,America,14,4.958121206907031
Viên sủi My Vita Vitamin C hương cam bổ sung Vitamin C cho cơ thể (20 viên),Vitamin C các loại,Viên sủi,230000.0,208,Việt Nam,38,unknown,Asia,15,4.978076773699381
Viên uống Kinh Vương Não Bộ hỗ trợ phục hồi chức năng não bộ (3 vỉ x 10 viên),Cải thiện tăng cường chức năng,Viên nén,230000.0,208,Việt Nam,38,unknown,Asia,4,4.973596586511442
Viên uống Active Meno Plus hỗ trợ cân bằng nội tiết nữ (4 vỉ x 15 viên),Cân bằng nội tiết tố,Viên nang,230000.0,145,Đức,43,unknown,Europe,11,4.629316617440802
Viên uống FeNatal Nugale Pharmaceutical ngừa thiếu máu do thiếu sắt (30 viên),Bổ sung Sắt & Axit Folic,Viên nang cứng,230000.0,306,Canada,5,unknown,America,15,4.935179351920695
"Viên uống Milk Thistle Extract 1000mg hỗ trợ giải độc gan, tăng cường chức năng gan (90 viên)",Chức năng gan,Viên nén,230000.0,354,Hoa Kỳ,7,unknown,America,4,4.854214794705431
Viên uống Ginkgo Biloba 120mg tăng cường lưu thông máu não (100 viên),Tuần hoàn máu,Viên nén,230000.0,354,Hoa Kỳ,7,unknown,America,4,4.854214794705431
Viên nén Folic Acid 400mcg hỗ trợ giảm nguy cơ mắc và chống thiếu máu (250 viên),Bổ sung Sắt & Axit Folic,Viên nén,230000.0,354,Hoa Kỳ,7,unknown,America,15,4.947859244485124
Viên uống Blackmores Macu-Vision Plus hỗ trợ chức năng mắt khỏe mạnh (60 viên),"Bổ mắt, bảo vệ mắt",Viên nén,230000.0,48,Úc,40,unknown,Other,4,4.921175577252713
"Viên dầu cá Blackmores Omega Daily Concentrated Fish Oil bổ sung omega 3, nâng cao sức khỏe (90 viên)","Dầu cá, Omega 3, DHA",Viên nén,230000.0,48,Úc,40,unknown,Other,15,4.933974542730634
Cốm lợi sữa Takira Hadu hỗ trợ tăng tiết sữa cho phụ nữa sau sinh (20 gói x 5g),Vitamin & Khoáng chất,Cốm,230000.0,159,Việt Nam,38,unknown,Asia,15,4.9693156386453845
"Bột Collagen Kendai Matumotoen bổ sung collagen, vitamin E - C cho da (30 gói x 2g)",Hỗ trợ làm đẹp,Dạng bột,230000.0,243,Nhật Bản,38,unknown,Asia,7,4.815719160514729
Sữa France Lait 1 bổ sung dinh dưỡng cho trẻ 0 đến 6 tháng (400g),Sữa,Dạng bột,230000.0,208,Pháp,23,unknown,Europe,5,4.97734653873725
"Viên uống Slady giúp bồi bổ khí huyết, điều hòa kinh nguyệt (60 viên)",Sinh lý - Nội tiết tố,Viên nén,230000.0,232,Việt Nam,38,unknown,Asia,11,4.437616976071065
"Viên uống Mag-Gin B6 Nutridom giảm nôn, ốm nghén khi mang thai (60 viên)","Tăng sức đề kháng, miễn dịch",Viên nang cứng,230000.0,306,Canada,5,unknown,America,4,4.910197029861737
"Siro Special Kid Vitaprolis Eric Favre hỗ trợ miễn dịch, tăng sức đề kháng (125ml)","Hô hấp, ho, xoang",Viên nén,230000.0,108,Pháp,23,unknown,Europe,4,4.973841107768331
Siro Special Kid Fer & Vitamines Eric Favre bổ sung sắt và các vitamin (125ml),Bổ sung Sắt & Axit Folic,Viên nén,230000.0,108,Pháp,23,unknown,Europe,15,4.964827103646846
"Viên uống Fremo Thái Minh hỗ trợ giảm mỡ máu, xơ vữa động mạch (20 viên)",Cải thiện tăng cường chức năng,Viên nén,230000.0,208,Việt Nam,38,unknown,Asia,4,4.973596586511442
"Viên nén Cranberry chống oxy hóa, hạn chế lão hóa (60 viên)",Cải thiện tăng cường chức năng,Viên nén,230000.0,354,Hoa Kỳ,7,unknown,America,4,4.854214794705431
"Viên uống Q-SORB CO-Q10 100mg giúp tăng sức khỏe cho tim, giảm cholesterol trong máu (120 viên)",Cải thiện tăng cường chức năng,Viên nén,230000.0,354,Hoa Kỳ,7,unknown,America,4,4.854214794705431
Viên uống Arginine Plus Gia Nguyễn hỗ trợ tăng cường chức năng gan (10 vỉ x 10 viên),Chức năng gan,Viên nang mềm,230000.0,141,Việt Nam,38,unknown,Asia,4,4.573349888474816
Viên uống Canxi Bone Nano hỗ trợ xương và răng chắc khỏe (60 viên),Bổ sung Canxi & Vitamin D,Viên nang mềm,230000.0,420,Hoa Kỳ,38,unknown,Asia,15,4.898391907810702
Sữa non ColosBaby Gold VitaDairy bổ sung kháng thể IgG tự nhiên (35 gói x 9.6g),Sữa,Dạng bột,230000.0,444,Việt Nam,38,unknown,Asia,5,4.9638175096798225
Viên uống Cinabet Vietlife hỗ trợ giảm đường huyết (3 vỉ x 10 viên),Hỗ trợ điều trị tiểu đường,Viên nang mềm,230000.0,450,Việt Nam,38,unknown,Asia,4,4.973551301691145
"Viên uống Vietlife Bình An Nano Medistar hoạt huyết dưỡng não, tăng cường lưu thông máu não (3 vỉ x 10 viên)",Thần kinh não,Viên nang mềm,230000.0,450,Việt Nam,38,unknown,Asia,14,4.84795472152802
"Viên uống Pre-natchoice UBB bổ sung một số vitamin, khoáng chất cho phụ nữ mang thai (30 viên)",Vitamin & Khoáng chất,Viên nang mềm,230000.0,432,Hoa Kỳ,7,unknown,America,15,4.867542861754848
Dung dịch Clausy Livespo bào tử lợi khuẩn kháng đa kháng sinh (10 ống x 5ml),Vi sinh - Probiotic,Viên nén,230000.0,228,Việt Nam,38,unknown,Asia,8,4.801458937701874
Viên uống Cumargold Nano Curcumin New CVI Pharma hỗ trợ bảo vệ niêm mạc dạ dày (3 vỉ x 10 viên),Hỗ trợ tiêu hóa,Viên nang mềm,230000.0,64,Việt Nam,38,unknown,Asia,8,4.899743184391983
"Viên uống Prenatal Plus DHA Nutrimed bổ sung Vitamin, khoáng chất và Omega 3 (60 viên)","Dầu cá, Omega 3, DHA",Viên nang mềm,230000.0,270,Hoa Kỳ,7,unknown,America,15,4.896599714700801
Viên uống Multivitamin Nutrimed bổ sung Vitamin và khoáng chất hỗ trợ tăng cường sức khỏe (60 viên),Vitamin tổng hợp,Viên nén,230000.0,111,Hoa Kỳ,7,unknown,America,15,4.8873228527927095
Bột pha Oresol Cam Phúc Vinh giúp bù nước và bổ sung chât điện giải (40 gói x 4.2g),Hỗ trợ tiêu hóa,Viên nén,230000.0,342,Việt Nam,38,unknown,Asia,8,4.583023337249582
"Viên uống Vitamin 3B Gold Phúc Vinh bổ sung vitamin nhóm B, tăng cường sức đề kháng (10 vỉ x 10 viên)","Tăng sức đề kháng, miễn dịch",Viên nén,230000.0,342,Việt Nam,38,unknown,Asia,4,4.790315105472424
"Thạch làm đẹp da Collagen Placenta Jelly Makishokuhin hỗ trợ làm đẹp da, cho làn da sáng mịn (15g x 30 gói)",Da,Thạch (Jelly),230000.0,239,Nhật Bản,22,unknown,Asia,4,4.974491938978672
Thạch men tiêu hóa Dr.bio Jelly Makishokuhin bổ sung các vi khuẩn có lợi cho hệ tiêu hóa (15g x 30 gói),Khó tiêu,Thạch (Jelly),230000.0,239,Nhật Bản,22,unknown,Asia,8,4.774184285092146
"Thạch giảm cân S-Line Jelly Makishokuhin hạn chế hấp thu chất béo, giảm sự tích tụ mỡ (30 gói x 15g)",Hỗ trợ giảm cân,Thạch (Jelly),230000.0,239,Nhật Bản,22,unknown,Asia,9,4.669698269123124
Viên uống QueenUp Thái Minh hỗ trợ tăng cường nội tiết tố nữ (30 viên),Cân bằng nội tiết tố,Viên nén,230000.0,407,Việt Nam,38,unknown,Asia,11,4.218121898208602
Viên uống Heptral 400 Abbott hỗ trợ tăng cường chức năng gan (3 vỉ x 10 viên),Chức năng gan,Viên nén,230000.0,7,Hoa Kỳ,25,unknown,Asia,4,4.927677896862952
"Viên uống Tiền Đình Khang KGA dùng cho rối loạn tiền đình, hoa mắt, chóng mặt (3 vỉ x 10 viên)",Kiểm soát căng thẳng,Viên nén bao phim,230000.0,208,Việt Nam,38,unknown,Asia,14,4.974350380459529
"Viên nang mềm Xương Khớp PV Forte hỗ trợ khớp, giảm nguy cơ thoái hóa khớp (60 viên)",Cơ xương khớp,Viên nang mềm,230000.0,342,Việt Nam,38,unknown,Asia,4,4.790315105472424
"Gói cốm Futizon PV Pharma hỗ trợ bù nước, điện giải (40 gói x 4,9g)",Vitamin & Khoáng chất,Cốm,230000.0,342,Việt Nam,38,unknown,Asia,15,4.554150316339096
Sữa Pregestimil Lipil Mead Johnson bổ sung dinh dưỡng hàng ngày cho trẻ (400g),Sữa,Dạng bột,230000.0,234,Mỹ,7,unknown,America,5,4.940933232391088
"Viên sủi Haas Vital Pezsgés Multi-vitamin hương cam bổ sung vitamin, tăng cường sức đề kháng (20 viên)",Vitamin tổng hợp,Viên sủi,230000.0,157,Hungary,8,unknown,Europe,15,4.8007580318147856
